-- MySQL dump 10.13  Distrib 8.4.0, for Linux (x86_64)
--
-- Host: localhost    Database: biblioteca_universidad_sevilla
-- ------------------------------------------------------
-- Server version	8.4.0

/*!40101 SET @OLD_CHARACTER_SET_CLIENT=@@CHARACTER_SET_CLIENT */;
/*!40101 SET @OLD_CHARACTER_SET_RESULTS=@@CHARACTER_SET_RESULTS */;
/*!40101 SET @OLD_COLLATION_CONNECTION=@@COLLATION_CONNECTION */;
/*!50503 SET NAMES utf8mb4 */;
/*!40103 SET @OLD_TIME_ZONE=@@TIME_ZONE */;
/*!40103 SET TIME_ZONE='+00:00' */;
/*!40014 SET @OLD_UNIQUE_CHECKS=@@UNIQUE_CHECKS, UNIQUE_CHECKS=0 */;
/*!40014 SET @OLD_FOREIGN_KEY_CHECKS=@@FOREIGN_KEY_CHECKS, FOREIGN_KEY_CHECKS=0 */;
/*!40101 SET @OLD_SQL_MODE=@@SQL_MODE, SQL_MODE='NO_AUTO_VALUE_ON_ZERO' */;
/*!40111 SET @OLD_SQL_NOTES=@@SQL_NOTES, SQL_NOTES=0 */;

--
-- Table structure for table `COMPRAS`
--

DROP TABLE IF EXISTS `COMPRAS`;
/*!40101 SET @saved_cs_client     = @@character_set_client */;
/*!50503 SET character_set_client = utf8mb4 */;
CREATE TABLE `COMPRAS` (
  `ID_COMPRA` int NOT NULL AUTO_INCREMENT,
  `ID_LIBRO` int NOT NULL,
  `ID_USUARIO` int NOT NULL,
  `PRECIO` decimal(10,2) DEFAULT NULL,
  PRIMARY KEY (`ID_COMPRA`,`ID_LIBRO`,`ID_USUARIO`),
  KEY `compras_fk_libro` (`ID_LIBRO`),
  KEY `compras_fk_usuario` (`ID_USUARIO`),
  CONSTRAINT `compras_fk_libro` FOREIGN KEY (`ID_LIBRO`) REFERENCES `LIBROS` (`ID_LIBRO`),
  CONSTRAINT `compras_fk_usuario` FOREIGN KEY (`ID_USUARIO`) REFERENCES `USUARIOS` (`ID_USUARIO`)
) ENGINE=InnoDB AUTO_INCREMENT=141 DEFAULT CHARSET=utf8mb4 COLLATE=utf8mb4_0900_ai_ci;
/*!40101 SET character_set_client = @saved_cs_client */;

--
-- Dumping data for table `COMPRAS`
--

LOCK TABLES `COMPRAS` WRITE;
/*!40000 ALTER TABLE `COMPRAS` DISABLE KEYS */;
INSERT INTO `COMPRAS` VALUES (1,501,741,14.00),(2,502,296,1.00),(3,503,215,11.00),(4,504,301,14.00),(5,505,4,6.00),(6,506,581,20.00),(7,507,412,11.00),(8,508,818,16.00),(9,509,602,10.00),(10,510,238,14.00),(11,511,151,21.00),(12,512,262,13.00),(13,513,741,16.00),(14,514,422,19.00),(15,515,219,1.00),(16,516,580,6.00),(17,517,79,10.00),(18,518,392,3.00),(19,519,741,9.00),(20,520,180,2.00),(21,521,828,8.00),(22,522,520,4.00),(23,523,300,3.00),(24,524,869,12.00),(25,525,804,5.00),(26,526,371,17.00),(27,527,444,11.00),(28,528,666,8.00),(29,529,979,14.00),(30,530,647,8.00),(31,531,90,5.00),(32,532,366,19.00),(33,533,636,10.00),(34,534,644,7.00),(35,535,564,7.00),(36,536,986,5.00),(37,537,46,22.00),(38,538,299,6.00),(39,539,63,21.00),(40,540,953,21.00),(41,541,227,8.00),(42,542,905,19.00),(43,543,878,21.00),(44,544,282,13.00),(45,545,911,2.00),(46,546,214,7.00),(47,547,346,18.00),(48,548,398,9.00),(49,549,620,5.00),(50,550,173,20.00),(51,551,686,11.00),(52,552,249,10.00),(53,553,556,1.00),(54,554,502,3.00),(55,555,443,21.00),(56,556,14,4.00),(57,557,663,11.00),(58,558,114,16.00),(59,559,803,2.00),(60,560,349,10.00),(61,561,312,4.00),(62,562,629,12.00),(63,563,691,21.00),(64,564,411,15.00),(65,565,828,12.00),(66,566,261,4.00),(67,567,184,14.00),(68,568,586,2.00),(69,569,732,15.00),(70,570,440,4.00),(71,571,236,6.00),(72,572,367,4.00),(73,573,804,5.00),(74,574,639,13.00),(75,575,135,21.00),(76,576,581,16.00),(77,577,770,8.00),(78,578,618,4.00),(79,579,358,3.00),(80,580,338,7.00),(81,581,737,7.00),(82,582,597,4.00),(83,583,397,18.00),(84,584,259,13.00),(85,585,803,3.00),(86,586,663,11.00),(87,587,252,20.00),(88,588,705,5.00),(89,589,689,11.00),(90,590,407,10.00),(91,591,84,9.00),(92,592,217,6.00),(93,593,123,13.00),(94,594,269,19.00),(95,595,614,9.00),(96,596,425,13.00),(97,597,945,5.00),(98,598,175,7.00),(99,599,827,13.00),(100,600,983,12.00),(101,601,432,19.00),(102,602,84,4.00),(103,603,558,7.00),(104,604,381,13.00),(105,605,205,15.00),(106,606,992,4.00),(107,607,471,19.00),(108,608,902,2.00),(109,609,290,3.00),(110,610,435,20.00),(111,611,943,5.00),(112,612,169,16.00),(113,613,176,5.00),(114,614,422,20.00),(115,615,429,2.00),(116,616,561,3.00),(117,617,390,1.00),(118,618,316,21.00),(119,619,305,5.00),(120,620,841,1.00),(121,621,3,13.00),(122,622,133,8.00),(123,623,630,17.00),(124,624,799,20.00),(125,625,96,8.00),(126,626,728,18.00),(127,627,469,4.00),(128,628,858,17.00),(129,629,808,19.00),(130,630,17,7.00),(131,631,743,16.00),(132,632,234,8.00),(133,633,51,12.00),(134,634,449,9.00),(135,635,565,10.00),(136,636,170,18.00),(137,637,374,10.00),(138,638,7,9.00),(139,639,521,1.00),(140,640,813,19.00);
/*!40000 ALTER TABLE `COMPRAS` ENABLE KEYS */;
UNLOCK TABLES;

--
-- Table structure for table `EJEMPLARES`
--

DROP TABLE IF EXISTS `EJEMPLARES`;
/*!40101 SET @saved_cs_client     = @@character_set_client */;
/*!50503 SET character_set_client = utf8mb4 */;
CREATE TABLE `EJEMPLARES` (
  `ID_EJEMPLAR` int NOT NULL AUTO_INCREMENT,
  `ID_LIBRO` int NOT NULL,
  PRIMARY KEY (`ID_EJEMPLAR`,`ID_LIBRO`),
  KEY `ejemplares_fk` (`ID_LIBRO`),
  CONSTRAINT `ejemplares_fk` FOREIGN KEY (`ID_LIBRO`) REFERENCES `LIBROS` (`ID_LIBRO`)
) ENGINE=InnoDB AUTO_INCREMENT=501 DEFAULT CHARSET=utf8mb4 COLLATE=utf8mb4_0900_ai_ci;
/*!40101 SET character_set_client = @saved_cs_client */;

--
-- Dumping data for table `EJEMPLARES`
--

LOCK TABLES `EJEMPLARES` WRITE;
/*!40000 ALTER TABLE `EJEMPLARES` DISABLE KEYS */;
INSERT INTO `EJEMPLARES` VALUES (1,1),(2,2),(3,3),(4,4),(5,5),(6,6),(7,7),(8,8),(9,9),(10,10),(11,11),(12,12),(13,13),(14,14),(15,15),(16,16),(17,17),(18,18),(19,19),(20,20),(21,21),(22,22),(23,23),(24,24),(25,25),(26,26),(27,27),(28,28),(29,29),(30,30),(31,31),(32,32),(33,33),(34,34),(35,35),(36,36),(37,37),(38,38),(39,39),(40,40),(41,41),(42,42),(43,43),(44,44),(45,45),(46,46),(47,47),(48,48),(49,49),(50,50),(51,51),(52,52),(53,53),(54,54),(55,55),(56,56),(57,57),(58,58),(59,59),(60,60),(61,61),(62,62),(63,63),(64,64),(65,65),(66,66),(67,67),(68,68),(69,69),(70,70),(71,71),(72,72),(73,73),(74,74),(75,75),(76,76),(77,77),(78,78),(79,79),(80,80),(81,81),(82,82),(83,83),(84,84),(85,85),(86,86),(87,87),(88,88),(89,89),(90,90),(91,91),(92,92),(93,93),(94,94),(95,95),(96,96),(97,97),(98,98),(99,99),(100,100),(101,101),(102,102),(103,103),(104,104),(105,105),(106,106),(107,107),(108,108),(109,109),(110,110),(111,111),(112,112),(113,113),(114,114),(115,115),(116,116),(117,117),(118,118),(119,119),(120,120),(121,121),(122,122),(123,123),(124,124),(125,125),(126,126),(127,127),(128,128),(129,129),(130,130),(131,131),(132,132),(133,133),(134,134),(135,135),(136,136),(137,137),(138,138),(139,139),(140,140),(141,141),(142,142),(143,143),(144,144),(145,145),(146,146),(147,147),(148,148),(149,149),(150,150),(151,151),(152,152),(153,153),(154,154),(155,155),(156,156),(157,157),(158,158),(159,159),(160,160),(161,161),(162,162),(163,163),(164,164),(165,165),(166,166),(167,167),(168,168),(169,169),(170,170),(171,171),(172,172),(173,173),(174,174),(175,175),(176,176),(177,177),(178,178),(179,179),(180,180),(181,181),(182,182),(183,183),(184,184),(185,185),(186,186),(187,187),(188,188),(189,189),(190,190),(191,191),(192,192),(193,193),(194,194),(195,195),(196,196),(197,197),(198,198),(199,199),(200,200),(201,201),(202,202),(203,203),(204,204),(205,205),(206,206),(207,207),(208,208),(209,209),(210,210),(211,211),(212,212),(213,213),(214,214),(215,215),(216,216),(217,217),(218,218),(219,219),(220,220),(221,221),(222,222),(223,223),(224,224),(225,225),(226,226),(227,227),(228,228),(229,229),(230,230),(231,231),(232,232),(233,233),(234,234),(235,235),(236,236),(237,237),(238,238),(239,239),(240,240),(241,241),(242,242),(243,243),(244,244),(245,245),(246,246),(247,247),(248,248),(249,249),(250,250),(251,251),(252,252),(253,253),(254,254),(255,255),(256,256),(257,257),(258,258),(259,259),(260,260),(261,261),(262,262),(263,263),(264,264),(265,265),(266,266),(267,267),(268,268),(269,269),(270,270),(271,271),(272,272),(273,273),(274,274),(275,275),(276,276),(277,277),(278,278),(279,279),(280,280),(281,281),(282,282),(283,283),(284,284),(285,285),(286,286),(287,287),(288,288),(289,289),(290,290),(291,291),(292,292),(293,293),(294,294),(295,295),(296,296),(297,297),(298,298),(299,299),(300,300),(301,301),(302,302),(303,303),(304,304),(305,305),(306,306),(307,307),(308,308),(309,309),(310,310),(311,311),(312,312),(313,313),(314,314),(315,315),(316,316),(317,317),(318,318),(319,319),(320,320),(321,321),(322,322),(323,323),(324,324),(325,325),(326,326),(327,327),(328,328),(329,329),(330,330),(331,331),(332,332),(333,333),(334,334),(335,335),(336,336),(337,337),(338,338),(339,339),(340,340),(341,341),(342,342),(343,343),(344,344),(345,345),(346,346),(347,347),(348,348),(349,349),(350,350),(351,351),(352,352),(353,353),(354,354),(355,355),(356,356),(357,357),(358,358),(359,359),(360,360),(361,361),(362,362),(363,363),(364,364),(365,365),(366,366),(367,367),(368,368),(369,369),(370,370),(371,371),(372,372),(373,373),(374,374),(375,375),(376,376),(377,377),(378,378),(379,379),(380,380),(381,381),(382,382),(383,383),(384,384),(385,385),(386,386),(387,387),(388,388),(389,389),(390,390),(391,391),(392,392),(393,393),(394,394),(395,395),(396,396),(397,397),(398,398),(399,399),(400,400),(401,401),(402,402),(403,403),(404,404),(405,405),(406,406),(407,407),(408,408),(409,409),(410,410),(411,411),(412,412),(413,413),(414,414),(415,415),(416,416),(417,417),(418,418),(419,419),(420,420),(421,421),(422,422),(423,423),(424,424),(425,425),(426,426),(427,427),(428,428),(429,429),(430,430),(431,431),(432,432),(433,433),(434,434),(435,435),(436,436),(437,437),(438,438),(439,439),(440,440),(441,441),(442,442),(443,443),(444,444),(445,445),(446,446),(447,447),(448,448),(449,449),(450,450),(451,451),(452,452),(453,453),(454,454),(455,455),(456,456),(457,457),(458,458),(459,459),(460,460),(461,461),(462,462),(463,463),(464,464),(465,465),(466,466),(467,467),(468,468),(469,469),(470,470),(471,471),(472,472),(473,473),(474,474),(475,475),(476,476),(477,477),(478,478),(479,479),(480,480),(481,481),(482,482),(483,483),(484,484),(485,485),(486,486),(487,487),(488,488),(489,489),(490,490),(491,491),(492,492),(493,493),(494,494),(495,495),(496,496),(497,497),(498,498),(499,499),(500,500);
/*!40000 ALTER TABLE `EJEMPLARES` ENABLE KEYS */;
UNLOCK TABLES;

--
-- Table structure for table `LIBROS`
--

DROP TABLE IF EXISTS `LIBROS`;
/*!40101 SET @saved_cs_client     = @@character_set_client */;
/*!50503 SET character_set_client = utf8mb4 */;
CREATE TABLE `LIBROS` (
  `ID_LIBRO` int NOT NULL AUTO_INCREMENT,
  `TITULO` varchar(100) DEFAULT NULL,
  `AUTOR` varchar(100) DEFAULT NULL,
  `FECHA_PUBLICACION` date DEFAULT NULL,
  PRIMARY KEY (`ID_LIBRO`)
) ENGINE=InnoDB AUTO_INCREMENT=1001 DEFAULT CHARSET=utf8mb4 COLLATE=utf8mb4_0900_ai_ci;
/*!40101 SET character_set_client = @saved_cs_client */;

--
-- Dumping data for table `LIBROS`
--

LOCK TABLES `LIBROS` WRITE;
/*!40000 ALTER TABLE `LIBROS` DISABLE KEYS */;
INSERT INTO `LIBROS` VALUES (1,'aliquet diam. Sed diam lorem,','Silas Kramer','2021-04-29'),(2,'amet','Jonas Sanford','2023-12-30'),(3,'Pellentesque ut','Len Perry','2015-03-15'),(4,'tellus justo','Maxine Meyers','2023-03-17'),(5,'dolor','Zia Moore','2011-08-17'),(6,'ac','Amery Rose','2008-04-06'),(7,'quis, tristique ac,','Martina Rose','2012-02-06'),(8,'vel turpis.','Hiram Albert','2006-08-21'),(9,'non nisi. Aenean eget','Stacey Sosa','2015-06-03'),(10,'malesuada vel, convallis','Stephanie Hatfield','2015-02-17'),(11,'sem magna nec','Ali Strickland','2006-11-18'),(12,'In at pede. Cras vulputate','Denise Weeks','2009-07-12'),(13,'nostra, per inceptos hymenaeos. Mauris','Jerome Hunt','2016-08-21'),(14,'et, rutrum eu, ultrices','Lionel Maynard','2013-08-27'),(15,'feugiat metus sit amet','Whitney Callahan','2023-03-04'),(16,'et nunc.','Jane Nunez','2000-11-29'),(17,'Suspendisse commodo tincidunt','Edward Cross','2024-05-17'),(18,'ornare lectus justo','Baxter Bean','2001-08-24'),(19,'vitae','Melyssa Hoover','2020-10-17'),(20,'semper','Alyssa Malone','2022-06-16'),(21,'felis.','Rhonda Farley','2002-05-08'),(22,'Proin nisl sem, consequat nec,','Nash Hickman','2002-09-01'),(23,'in consequat','Carlos Decker','2017-11-13'),(24,'nibh. Quisque','Katelyn Zimmerman','2018-06-26'),(25,'orci, consectetuer','Deirdre Mcpherson','2012-12-24'),(26,'nonummy ut, molestie','Uriel Gaines','2001-07-28'),(27,'velit','Kirby Bush','2009-08-13'),(28,'blandit. Nam','Ariana Mcintosh','2005-11-08'),(29,'elit erat vitae','Chancellor Fitzpatrick','2004-07-17'),(30,'pulvinar arcu','Zeus Rutledge','2010-05-26'),(31,'enim. Mauris quis','Micah Burgess','2013-08-05'),(32,'Duis','Todd Robbins','2017-09-03'),(33,'nec, cursus a,','Dale West','2001-10-26'),(34,'orci, adipiscing non, luctus','Alexis Cook','2023-04-12'),(35,'orci. Ut semper pretium neque.','Abdul Mccarty','2014-12-26'),(36,'ipsum','Sage Hernandez','2004-11-25'),(37,'Morbi vehicula. Pellentesque tincidunt tempus','Cedric Kinney','2015-12-03'),(38,'Aliquam fringilla cursus purus. Nullam','Skyler Bryant','2019-07-17'),(39,'eros.','Shoshana Avery','2014-12-04'),(40,'Aliquam ornare, libero at','Sara Wise','2012-09-01'),(41,'iaculis quis, pede. Praesent','Hilel Erickson','2010-07-23'),(42,'vitae aliquam','Jin Duran','2012-12-25'),(43,'aliquet. Proin velit.','Vladimir Hampton','2007-07-20'),(44,'Curabitur dictum.','Bradley Thompson','2011-01-28'),(45,'vel arcu','Garrison Carver','2014-03-28'),(46,'ligula. Aenean gravida nunc sed','Selma Bonner','2015-06-29'),(47,'dictum cursus. Nunc mauris','Ira O\'Neill','2001-03-08'),(48,'ipsum primis','Remedios Robbins','2012-04-26'),(49,'et pede. Nunc sed','Hadassah Ferguson','2011-10-11'),(50,'Nulla facilisis. Suspendisse','Judah Stein','2007-08-19'),(51,'eu lacus. Quisque','Joel Johns','2002-12-20'),(52,'non sapien molestie','Anthony Cain','2005-06-06'),(53,'a feugiat tellus lorem eu','Simone Harrison','2000-07-29'),(54,'lectus pede, ultrices a,','Daria Benton','2009-11-14'),(55,'magna.','Cyrus Witt','2001-05-22'),(56,'sit amet','Kevyn Vazquez','2011-04-05'),(57,'pellentesque a, facilisis','Len Mcintosh','2013-02-12'),(58,'lobortis quam','April Floyd','2020-06-03'),(59,'nec enim.','Brett Lindsey','2011-10-11'),(60,'lacinia vitae,','Rhoda Ramsey','2022-02-11'),(61,'nisl arcu iaculis','Ahmed Puckett','2018-09-21'),(62,'ante bibendum ullamcorper. Duis cursus,','Valentine Gomez','2013-11-29'),(63,'pede sagittis augue, eu tempor','Melanie Butler','2000-08-12'),(64,'cursus et, eros. Proin','Kelly Briggs','2024-05-09'),(65,'Duis dignissim tempor arcu. Vestibulum','Elton Herrera','2005-02-21'),(66,'aliquet, metus urna','Allistair Reeves','2007-06-29'),(67,'posuere','Clark Jenkins','2005-05-07'),(68,'dictum mi,','Cruz Holder','2019-06-08'),(69,'libero nec ligula','Basil Kidd','2012-09-28'),(70,'Nulla eu neque pellentesque massa','Flavia Sanchez','2005-07-09'),(71,'semper erat,','Lance Schmidt','2017-08-20'),(72,'semper. Nam tempor','Ursa Horton','2004-03-09'),(73,'dolor dapibus gravida. Aliquam','Brody Hart','2016-09-04'),(74,'euismod enim. Etiam','Seth Bowen','2014-07-26'),(75,'sed dolor. Fusce','Buffy Wilkinson','2019-10-08'),(76,'Vivamus rhoncus. Donec est.','Keith Mcneil','2001-08-15'),(77,'Morbi non sapien molestie','Nash Russell','2012-03-24'),(78,'Pellentesque ut ipsum ac mi','Brittany Pate','2004-10-07'),(79,'eu eros. Nam consequat','Uta Higgins','2018-08-10'),(80,'odio sagittis','Malachi Atkins','2020-06-30'),(81,'elit','Mohammad Freeman','2024-02-05'),(82,'Ut tincidunt orci quis lectus.','Frances Fuentes','2014-11-04'),(83,'fermentum convallis ligula.','Odessa Richardson','2021-11-15'),(84,'Vivamus euismod urna.','Herman Alston','2022-12-31'),(85,'ultrices','Georgia Hutchinson','2016-04-06'),(86,'sit amet ante.','Kerry Blevins','2009-04-08'),(87,'pede ac urna. Ut tincidunt','Isabelle Burton','2018-05-16'),(88,'malesuada id, erat. Etiam','Robin Tillman','2000-10-12'),(89,'convallis in, cursus et,','Mikayla Beasley','2008-05-21'),(90,'orci lacus vestibulum','Yuli Combs','2017-10-21'),(91,'convallis, ante lectus','Shafira Clark','2001-02-12'),(92,'Vestibulum ante','Sacha Fisher','2014-01-17'),(93,'elit. Nulla facilisi.','Minerva Wall','2014-01-06'),(94,'a ultricies adipiscing, enim mi','Heather Clarke','2023-05-03'),(95,'Quisque porttitor','Burke Ballard','2010-04-10'),(96,'convallis convallis dolor. Quisque tincidunt','Urielle Landry','2001-12-11'),(97,'iaculis','Thane Mcdonald','2006-06-10'),(98,'velit. Sed malesuada','Kasimir Mcmahon','2007-12-01'),(99,'dolor, tempus','Isadora Zimmerman','2016-11-01'),(100,'augue id ante dictum cursus.','Savannah Molina','2005-09-08'),(101,'pretium et,','Kelly Dillon','2015-05-07'),(102,'lacus. Quisque purus','Keelie Burton','2008-08-15'),(103,'cursus, diam at pretium aliquet,','Marvin Hickman','2017-11-30'),(104,'purus sapien, gravida','Cally Morris','2019-01-29'),(105,'dolor, tempus non, lacinia','Beck Leblanc','2020-06-03'),(106,'Vivamus rhoncus.','Merrill Ward','2006-03-18'),(107,'magnis dis parturient montes, nascetur','Finn Strong','2001-06-09'),(108,'faucibus ut,','Price Nixon','2007-03-12'),(109,'ultrices. Duis','Nehru Sheppard','2010-07-20'),(110,'magna. Praesent','Keegan Mcknight','2011-10-02'),(111,'leo. Vivamus','Gwendolyn Adams','2002-03-07'),(112,'molestie sodales. Mauris','Herrod Mcknight','2009-11-20'),(113,'ipsum. Phasellus vitae','Rebekah Fisher','2006-06-01'),(114,'rutrum non,','Carly Mckinney','2020-10-30'),(115,'sed dolor. Fusce','Theodore Holcomb','2024-04-29'),(116,'neque sed sem egestas','Sylvester Dunn','2022-04-11'),(117,'penatibus et magnis dis parturient','Dieter Ward','2002-10-09'),(118,'Proin velit. Sed','Evan Fields','2002-08-26'),(119,'Donec elementum, lorem ut','Marshall Gomez','2007-01-24'),(120,'neque tellus, imperdiet non,','Nicholas Compton','2015-02-28'),(121,'nisi','Iola Bryan','2002-04-21'),(122,'lectus. Nullam suscipit, est','Leonard Romero','2009-12-02'),(123,'vel pede blandit','Quentin Landry','2024-02-10'),(124,'tellus. Aenean egestas hendrerit','Lillian Cabrera','2006-07-11'),(125,'tempus mauris erat eget ipsum.','Carissa Haney','2014-05-02'),(126,'gravida sit amet,','Vivian Harding','2021-10-26'),(127,'aliquet','Gray Keith','2010-01-25'),(128,'purus, accumsan interdum libero','Kyle Pugh','2004-01-10'),(129,'consectetuer adipiscing elit. Etiam','Dante Lee','2017-10-18'),(130,'Integer vitae nibh. Donec','Shana Keith','2017-03-30'),(131,'neque. Morbi quis urna. Nunc','Noble Weiss','2013-12-11'),(132,'magna, malesuada','Davis May','2021-07-13'),(133,'eget varius ultrices,','Aristotle Moses','2015-10-31'),(134,'sed turpis','Ulla Prince','2010-11-10'),(135,'mollis non, cursus non,','Robin Mack','2007-08-01'),(136,'ultrices. Duis volutpat','Leah Avila','2010-10-14'),(137,'massa non','Deacon Short','2022-07-23'),(138,'lectus quis','Nomlanga Hopper','2023-09-02'),(139,'pede. Suspendisse dui. Fusce','Althea Jennings','2014-11-06'),(140,'nascetur ridiculus mus.','Kelsie Baker','2002-09-11'),(141,'a,','Hope Saunders','2018-07-19'),(142,'tortor. Nunc commodo auctor velit.','Palmer Norman','2003-08-10'),(143,'sagittis. Nullam','Kirby Mclaughlin','2000-01-11'),(144,'massa. Vestibulum accumsan neque','Fulton Cherry','2016-09-24'),(145,'erat','Randall Pope','2017-01-19'),(146,'mi. Aliquam gravida mauris','Risa Hanson','2000-06-11'),(147,'Proin nisl','Amy Valentine','2000-05-25'),(148,'euismod in,','Griffith Hensley','2010-04-03'),(149,'et, rutrum non,','Maile Mullen','2021-09-06'),(150,'erat neque non quam. Pellentesque','Guinevere Frederick','2009-04-10'),(151,'fringilla mi','Savannah Luna','2003-12-06'),(152,'neque.','Emma Phillips','2017-05-03'),(153,'venenatis','Georgia Vasquez','2015-08-31'),(154,'sapien, gravida non, sollicitudin','Desiree Stephens','2020-10-18'),(155,'Cras interdum.','Zephr Robles','2014-12-19'),(156,'sollicitudin orci sem eget','Rachel Lawrence','2018-09-18'),(157,'tellus. Suspendisse sed dolor. Fusce','Aileen Mcclain','2023-05-04'),(158,'Cras vulputate velit','Yael Cabrera','2015-12-09'),(159,'Ut nec urna et','Wade Sexton','2017-06-10'),(160,'non enim. Mauris quis turpis','Rudyard Edwards','2011-08-30'),(161,'Vivamus non lorem vitae','Idola Dale','2006-03-22'),(162,'ut erat. Sed nunc','Ann Whitley','2010-07-25'),(163,'ullamcorper. Duis at lacus. Quisque','Moses Mills','2022-12-05'),(164,'et arcu','Jin Welch','2006-03-28'),(165,'habitant morbi','Ainsley Moore','2023-06-26'),(166,'Aliquam ultrices','Quentin Diaz','2018-09-29'),(167,'nisi. Aenean','Jordan Juarez','2000-01-28'),(168,'eget, ipsum.','Solomon Reilly','2002-06-17'),(169,'ultricies dignissim','Delilah Hancock','2020-05-04'),(170,'Vivamus nisi. Mauris','Neil Leonard','2009-09-18'),(171,'ipsum. Suspendisse','Cleo Wade','2015-07-15'),(172,'ultrices posuere','Avye Bates','2012-07-18'),(173,'sociosqu ad litora torquent per','Carla Hutchinson','2024-03-22'),(174,'in lobortis','Daria Osborne','2021-06-19'),(175,'ullamcorper. Duis at','Whitney Dixon','2002-04-09'),(176,'fermentum arcu. Vestibulum ante ipsum','Hollee Compton','2014-05-26'),(177,'mus. Proin vel arcu eu','Jonas Chambers','2004-09-01'),(178,'parturient montes, nascetur ridiculus','Paula Cortez','2000-11-05'),(179,'augue.','Cara Roy','2019-03-15'),(180,'vel sapien imperdiet','Stuart Jefferson','2015-10-06'),(181,'tristique aliquet. Phasellus fermentum','Diana Koch','2015-06-20'),(182,'dolor sit amet,','Brenda Lester','2020-10-11'),(183,'convallis, ante','Tyrone Michael','2001-07-05'),(184,'scelerisque dui.','Althea Durham','2016-04-05'),(185,'a feugiat tellus lorem eu','Francesca Browning','2014-07-29'),(186,'a purus.','Whoopi Anthony','2000-05-03'),(187,'bibendum','Duncan Ayala','2012-05-27'),(188,'lacus, varius et,','Rylee Bennett','2008-12-28'),(189,'Aliquam','Ulric Zimmerman','2012-06-10'),(190,'eget massa. Suspendisse eleifend.','Jeremy Garrett','2015-08-10'),(191,'Cras interdum.','Sean Cohen','2003-12-29'),(192,'Donec elementum, lorem','Burton Schmidt','2006-01-11'),(193,'Sed eu nibh vulputate','Martina Gibbs','2006-04-01'),(194,'cursus in,','Jason Harvey','2002-07-28'),(195,'non, sollicitudin a,','Jaquelyn Figueroa','2007-12-08'),(196,'faucibus lectus, a','Quinn Lane','2019-10-01'),(197,'congue a,','James Green','2002-05-07'),(198,'quis diam','Inez Malone','2008-11-26'),(199,'augue eu tellus. Phasellus elit','Alice Arnold','2012-11-03'),(200,'Integer vitae nibh.','Aurora Willis','2011-08-09'),(201,'odio','Kasper Roberson','2009-04-16'),(202,'consectetuer adipiscing elit.','Geoffrey Glenn','2006-10-06'),(203,'nec, diam.','Alvin Sandoval','2011-09-02'),(204,'aliquet, sem ut cursus','Wylie Moon','2010-01-17'),(205,'rutrum non, hendrerit id, ante.','Kirsten Arnold','2009-03-05'),(206,'lacus pede sagittis augue,','Angelica Hammond','2017-10-26'),(207,'interdum ligula eu enim. Etiam','Henry Roberson','2016-09-04'),(208,'a,','Cain Poole','2004-08-13'),(209,'Suspendisse eleifend.','Gillian Berry','2014-09-07'),(210,'nec urna','Laurel Guzman','2011-08-09'),(211,'lobortis. Class aptent','Leah Gill','2014-11-25'),(212,'vitae risus. Duis a','Cameron Christian','2022-04-26'),(213,'congue. In scelerisque scelerisque','Chastity Riley','2000-05-19'),(214,'mollis. Phasellus libero mauris,','Maite Moreno','2011-07-15'),(215,'libero. Morbi accumsan','Cally Rasmussen','2000-02-18'),(216,'rhoncus. Donec','Barrett Burch','2020-06-10'),(217,'sollicitudin adipiscing ligula.','Halla Woodward','2014-09-16'),(218,'urna. Ut tincidunt vehicula risus.','Mohammad Albert','2023-07-14'),(219,'iaculis','Lydia Sims','2021-01-25'),(220,'Suspendisse dui. Fusce diam nunc,','Drew Abbott','2012-05-05'),(221,'at, velit. Pellentesque ultricies','Quinn Kramer','2019-07-03'),(222,'convallis erat, eget tincidunt','Gary Thompson','2002-12-31'),(223,'Curabitur massa.','Glenna Booth','2015-01-10'),(224,'a, scelerisque sed, sapien.','Xena Armstrong','2023-07-13'),(225,'nonummy ac, feugiat non, lobortis','Alvin Mclaughlin','2014-05-29'),(226,'Curabitur massa. Vestibulum','Lila Hill','2020-03-28'),(227,'erat vel pede blandit','Kitra Poole','2005-10-16'),(228,'et, rutrum non, hendrerit','Tara Allen','2010-09-18'),(229,'a feugiat','Sacha Calderon','2019-12-01'),(230,'fermentum metus. Aenean','Deacon Stephens','2005-10-27'),(231,'Donec porttitor tellus non magna.','Jerry Carr','2013-06-19'),(232,'nunc est, mollis non,','Coby Erickson','2011-10-02'),(233,'ultrices. Vivamus rhoncus. Donec','Olympia Bentley','2016-03-17'),(234,'risus odio,','Cyrus Marks','2001-09-06'),(235,'ullamcorper viverra. Maecenas iaculis aliquet','Yetta Richard','2000-11-15'),(236,'ipsum','Gwendolyn Buchanan','2019-09-14'),(237,'diam','Stacy Rosales','2003-10-04'),(238,'Cum sociis natoque penatibus','Dane Roberson','2009-01-12'),(239,'Integer vulputate, risus','Maxwell Solis','2003-02-20'),(240,'dictum cursus. Nunc','Hyatt Fitzgerald','2020-01-04'),(241,'In mi','Piper Albert','2004-10-11'),(242,'adipiscing elit. Curabitur sed','Donovan Pittman','2002-02-10'),(243,'metus. Aliquam erat','Chanda Buckley','2016-01-13'),(244,'erat vel','Zahir Wilkins','2015-02-08'),(245,'blandit enim','Gemma Reese','2009-08-06'),(246,'mauris eu elit. Nulla','Linda Townsend','2002-06-02'),(247,'fermentum convallis ligula.','Carolyn Gregory','2023-05-06'),(248,'consequat auctor, nunc','Samson Duke','2023-05-20'),(249,'scelerisque scelerisque dui.','Arthur Byrd','2010-12-10'),(250,'Morbi sit amet','Lester Parrish','2014-08-11'),(251,'penatibus et','Samuel Soto','2002-02-16'),(252,'tortor.','Morgan Brewer','2007-06-27'),(253,'felis orci,','Alexa Warren','2020-12-04'),(254,'egestas','Walker Franco','2006-07-21'),(255,'felis eget','Evelyn Patterson','2019-10-01'),(256,'vestibulum massa rutrum magna.','Iliana Jensen','2011-11-22'),(257,'facilisis facilisis, magna','Austin Carney','2002-02-12'),(258,'Quisque','Jelani Meadows','2017-11-14'),(259,'vitae mauris','Shea Gillespie','2005-01-01'),(260,'montes, nascetur ridiculus','Sylvia Combs','2020-04-19'),(261,'vel, vulputate','Chastity Medina','2012-10-09'),(262,'mi lorem, vehicula et,','Yardley Ellison','2003-12-10'),(263,'Nunc sed orci lobortis augue','Adrienne Walton','2008-04-05'),(264,'velit.','Bertha Mccoy','2017-07-29'),(265,'Proin eget odio. Aliquam vulputate','Lesley Payne','2001-08-24'),(266,'dictum cursus. Nunc mauris','Bruno Roth','2015-10-23'),(267,'nunc. Quisque','Rebekah Mendez','2001-04-12'),(268,'id ante dictum','Orla Middleton','2024-04-24'),(269,'Sed congue, elit','Amy Franks','2003-06-08'),(270,'primis in faucibus','Myles Espinoza','2003-09-10'),(271,'vitae, sodales at, velit.','Felix Griffith','2002-10-10'),(272,'Nunc quis','Quon Gates','2011-12-19'),(273,'eu turpis. Nulla','Macey Duncan','2007-03-20'),(274,'lobortis, nisi nibh','Kermit Schroeder','2001-01-28'),(275,'Ut nec urna et','Isaac Underwood','2007-11-03'),(276,'ac metus','Noah Wynn','2002-12-22'),(277,'magna sed','Lara Morrison','2020-11-05'),(278,'ligula elit, pretium','Gwendolyn Pearson','2017-03-14'),(279,'mi, ac mattis velit','Driscoll Marshall','2020-01-25'),(280,'lectus. Cum sociis natoque','Jillian Velez','2012-07-15'),(281,'ut, sem.','Teegan Mays','2010-04-21'),(282,'lectus pede,','Irma Acosta','2010-11-21'),(283,'Nunc sed orci','Norman Logan','2002-09-28'),(284,'eleifend vitae,','Kimberley Bray','2005-11-01'),(285,'nec ante blandit viverra. Donec','Stella Le','2008-04-24'),(286,'Curabitur sed tortor. Integer','Rajah Moses','2011-11-17'),(287,'velit eget','Mechelle Mooney','2024-02-14'),(288,'sed','Tyler Leonard','2024-05-24'),(289,'leo.','Keegan Griffin','2010-01-22'),(290,'laoreet lectus quis massa. Mauris','Clark Bentley','2007-08-16'),(291,'sit','Brittany Preston','2005-05-15'),(292,'in magna.','Lysandra Kirby','2013-10-18'),(293,'in, hendrerit consectetuer, cursus','Abra Simon','2009-03-14'),(294,'venenatis vel, faucibus id,','Emi Cochran','2007-04-16'),(295,'erat, eget tincidunt dui','Melanie Branch','2014-04-20'),(296,'gravida non,','Mallory Greer','2010-08-24'),(297,'consectetuer mauris','Victor Mack','2013-09-06'),(298,'accumsan','William Black','2012-12-10'),(299,'consectetuer rhoncus. Nullam velit','Delilah Eaton','2009-02-18'),(300,'urna justo faucibus','Whilemina Carney','2019-10-11'),(301,'Duis risus odio, auctor','Michael Maynard','2007-05-30'),(302,'Curabitur ut odio vel','Owen Mccarthy','2000-04-28'),(303,'felis orci,','Keiko Atkins','2005-05-01'),(304,'sit amet','Lana Barrett','2015-10-14'),(305,'mauris a nunc.','Bruno Hays','2002-08-17'),(306,'erat. Sed nunc','Keane Rasmussen','2009-01-24'),(307,'et','Keith Wagner','2007-04-21'),(308,'eget metus','Evelyn Petersen','2018-06-30'),(309,'venenatis','Myles Barron','2020-10-12'),(310,'sagittis','Kennan Lewis','2010-12-08'),(311,'elementum, dui quis accumsan','Colleen Chandler','2020-11-19'),(312,'tempus risus. Donec','Anjolie Small','2019-05-02'),(313,'in lobortis tellus justo','Alisa Buckley','2008-01-30'),(314,'posuere at,','Laith Mckee','2022-03-26'),(315,'nisi dictum augue','Dorothy Knight','2011-05-26'),(316,'sem elit, pharetra','Stephen Rogers','2014-01-04'),(317,'et netus et','Craig Washington','2019-04-01'),(318,'sed orci lobortis augue scelerisque','Fredericka Stein','2003-05-08'),(319,'magna. Sed eu','Ryder Gutierrez','2010-10-08'),(320,'vitae dolor. Donec','Dante Contreras','2022-09-01'),(321,'consectetuer mauris id','Roary Larsen','2011-03-10'),(322,'eget tincidunt dui augue eu','Kirby Key','2008-07-21'),(323,'interdum feugiat. Sed','Nelle Massey','2020-10-05'),(324,'Quisque nonummy ipsum','Alice Kennedy','2007-11-10'),(325,'purus ac tellus. Suspendisse','Amena Mcfadden','2015-02-26'),(326,'ligula. Nullam enim. Sed','Nehru Conway','2021-08-24'),(327,'ut cursus luctus,','Kristen Williams','2002-12-15'),(328,'Proin sed turpis nec mauris','Martin Osborne','2022-03-26'),(329,'Integer eu lacus.','Jacob Luna','2010-10-21'),(330,'mollis. Duis sit amet diam','Lydia Levine','2003-11-07'),(331,'velit. Sed malesuada augue ut','Stephanie Gallegos','2016-06-30'),(332,'ut aliquam iaculis, lacus pede','Camden Knox','2021-08-30'),(333,'sit amet','Yen Scott','2015-05-04'),(334,'dignissim lacus. Aliquam rutrum','Glenna Bowers','2017-03-07'),(335,'mauris blandit mattis.','MacKenzie Jordan','2020-02-19'),(336,'congue.','Fletcher Rosario','2020-09-25'),(337,'Vivamus rhoncus. Donec est.','Bethany Reeves','2015-09-04'),(338,'parturient montes, nascetur ridiculus','Avye Hanson','2019-11-10'),(339,'rhoncus. Proin nisl sem,','Martena Sherman','2011-01-13'),(340,'amet,','Forrest Williams','2020-07-01'),(341,'non, dapibus rutrum, justo.','Isabella Franks','2013-01-29'),(342,'blandit congue. In scelerisque scelerisque','Iliana Spencer','2006-07-30'),(343,'sodales at,','Idona Randall','2007-12-24'),(344,'risus varius','Roth Guzman','2023-01-29'),(345,'at, velit. Pellentesque ultricies dignissim','Macaulay Whitehead','2010-07-29'),(346,'id enim.','Randall Byers','2000-02-02'),(347,'non leo. Vivamus','Dorothy Dillard','2014-02-17'),(348,'Suspendisse dui. Fusce diam nunc,','Ebony Barnett','2003-02-04'),(349,'Donec consectetuer mauris id sapien.','Melodie Dickson','2009-07-27'),(350,'egestas. Aliquam fringilla cursus','Emerson Mcdonald','2008-03-19'),(351,'eget','Lilah Gilmore','2016-03-22'),(352,'dolor quam, elementum','Deborah Blackburn','2009-04-01'),(353,'Aliquam ornare, libero','Leandra Wall','2016-02-09'),(354,'Integer','Lyle Kim','2014-03-30'),(355,'volutpat. Nulla','Lee Bishop','2020-12-14'),(356,'nulla. Donec','Delilah Fitzpatrick','2005-05-16'),(357,'Lorem ipsum dolor sit','Samuel Bradford','2001-03-15'),(358,'vehicula. Pellentesque','Timon Hogan','2013-12-17'),(359,'Mauris vel turpis.','Jin Kennedy','2010-10-23'),(360,'dis parturient montes, nascetur','Brynn Johnston','2001-07-02'),(361,'Phasellus','Hyacinth Frank','2011-12-26'),(362,'dolor. Fusce mi lorem,','Daria Mcfarland','2023-09-05'),(363,'facilisis','Rebecca Hewitt','2014-02-27'),(364,'nisl arcu','Cadman Simon','2003-02-15'),(365,'amet diam eu','Maia Lowe','2000-07-07'),(366,'condimentum eget, volutpat ornare,','Helen Hicks','2022-12-08'),(367,'neque sed','Halla Calderon','2000-07-23'),(368,'mi. Aliquam gravida mauris ut','Miranda Wagner','2004-07-01'),(369,'in consectetuer','Nehru Horton','2003-08-10'),(370,'ut mi. Duis','Orlando Daugherty','2005-02-13'),(371,'semper pretium neque. Morbi','Wesley Donaldson','2003-08-14'),(372,'nulla. Cras eu tellus','Kenyon Reed','2018-08-18'),(373,'eu,','Briar Garner','2017-05-27'),(374,'Integer aliquam','Fiona Foley','2024-04-05'),(375,'non nisi. Aenean eget metus.','Lareina Cochran','2020-10-27'),(376,'vestibulum massa rutrum magna.','Carl Vance','2000-01-26'),(377,'pharetra, felis eget varius ultrices,','Alan Brock','2022-07-20'),(378,'euismod est arcu ac','Shelly Blake','2018-10-30'),(379,'velit justo nec ante.','Ursula Dickson','2021-04-16'),(380,'diam nunc, ullamcorper eu,','Oleg Beasley','2015-07-19'),(381,'risus, at fringilla','Moses House','2002-04-23'),(382,'Mauris quis turpis vitae purus','Wynne Ramirez','2019-04-30'),(383,'Ut','Maris Kramer','2013-08-31'),(384,'Morbi vehicula. Pellentesque tincidunt','Hanna Jackson','2011-09-01'),(385,'et ipsum cursus','Salvador Flowers','2007-10-29'),(386,'pede. Nunc','Dominic Padilla','2021-10-09'),(387,'a purus.','Dieter Harrell','2010-07-23'),(388,'adipiscing, enim','Victor Blair','2022-11-27'),(389,'magna a neque. Nullam','Echo Ryan','2013-01-29'),(390,'Sed neque.','Eugenia Dotson','2017-09-29'),(391,'tellus justo sit amet','Melyssa Warren','2020-02-17'),(392,'ornare, elit','Kerry Anthony','2017-01-01'),(393,'aliquet odio.','Tara Wiley','2019-09-04'),(394,'imperdiet ornare. In faucibus.','Sasha Petersen','2013-06-07'),(395,'facilisis eget,','Caldwell Ashley','2002-02-08'),(396,'ornare lectus','Christopher Knowles','2020-11-18'),(397,'nulla. Cras eu tellus','Sharon Wade','2003-11-17'),(398,'tortor at','Xavier Cervantes','2019-12-03'),(399,'odio. Aliquam vulputate ullamcorper','Veda Mcgee','2009-11-27'),(400,'arcu. Vestibulum ante ipsum primis','Josephine Miles','2023-04-10'),(401,'tellus justo','Phelan Bradshaw','2004-10-01'),(402,'magna. Nam ligula','Grace Strong','2017-10-19'),(403,'orci, consectetuer euismod est','Joy Park','2011-09-25'),(404,'Proin dolor. Nulla semper tellus','Guy Bowman','2005-05-27'),(405,'ante, iaculis nec,','Nash Prince','2023-02-13'),(406,'ipsum. Curabitur consequat,','Veda Alvarez','2015-12-13'),(407,'libero. Donec consectetuer mauris','Craig Thornton','2022-05-10'),(408,'justo. Proin non massa','Veronica Montoya','2006-06-10'),(409,'erat neque non','Driscoll Freeman','2008-02-13'),(410,'auctor quis, tristique ac,','Jack Larsen','2005-10-27'),(411,'Proin dolor.','Gretchen Lawson','2015-02-10'),(412,'egestas, urna justo faucibus','Freya Mooney','2019-07-07'),(413,'Proin nisl sem,','Zahir Greer','2000-02-28'),(414,'elementum, lorem ut aliquam','Basia Koch','2002-09-19'),(415,'nec, eleifend non, dapibus','Felix Franks','2012-01-10'),(416,'lacus.','Benedict Schroeder','2015-08-08'),(417,'urna et arcu imperdiet ullamcorper.','Ivor Morrow','2013-04-24'),(418,'dis','Drake Lawrence','2000-08-24'),(419,'aliquam iaculis,','Jana Bishop','2017-05-20'),(420,'ultrices sit amet, risus.','Jeremy Whitaker','2012-02-11'),(421,'at auctor','Driscoll Vazquez','2005-03-27'),(422,'urna. Nullam','Ella Jarvis','2001-11-08'),(423,'dui. Cras','Ocean Holland','2020-07-16'),(424,'eu dui. Cum','Fatima Hurst','2011-05-04'),(425,'congue, elit sed','Brent Russo','2008-04-18'),(426,'egestas nunc sed','Hollee Downs','2008-06-30'),(427,'Nunc pulvinar arcu et','Brittany Bradshaw','2014-10-08'),(428,'Phasellus in felis. Nulla','Zachery Page','2003-01-26'),(429,'eget metus','Wayne Bullock','2009-12-28'),(430,'turpis egestas. Fusce aliquet','Leigh Melendez','2019-09-10'),(431,'Sed eu nibh vulputate','Vivian Deleon','2007-12-02'),(432,'ut lacus. Nulla tincidunt,','Arsenio Robertson','2005-10-12'),(433,'Etiam bibendum fermentum metus.','Melissa Yates','2014-02-14'),(434,'Aenean massa. Integer','Scott Mueller','2015-09-22'),(435,'et, rutrum eu,','Berk Downs','2007-10-14'),(436,'Nunc mauris. Morbi','Alea Livingston','2011-10-18'),(437,'nulla','Lester Cooley','2008-02-29'),(438,'commodo tincidunt','Hector Shepard','2005-01-27'),(439,'a odio','Ishmael Molina','2022-06-28'),(440,'Donec elementum, lorem ut','Devin Vasquez','2011-07-29'),(441,'sem semper erat, in consectetuer','Geoffrey Dalton','2015-05-29'),(442,'id, blandit','Roth Merrill','2006-04-11'),(443,'eu tellus. Phasellus','Kieran Carroll','2002-03-08'),(444,'enim.','Emerald Carver','2016-07-20'),(445,'dapibus gravida. Aliquam tincidunt, nunc','Galena Glenn','2012-10-03'),(446,'nisi magna','Jonas Brock','2015-05-30'),(447,'imperdiet nec, leo.','Ivy Best','2018-03-04'),(448,'consectetuer rhoncus. Nullam velit','Macon Walters','2023-02-14'),(449,'odio tristique pharetra. Quisque','Desiree Fletcher','2004-11-28'),(450,'Quisque','Griffin Moss','2011-12-23'),(451,'Ut tincidunt orci quis','Georgia Davenport','2015-02-26'),(452,'a felis ullamcorper viverra.','Keith Spencer','2010-01-27'),(453,'sit','Donovan Summers','2020-03-06'),(454,'convallis ligula.','Rhoda Jones','2019-06-30'),(455,'eu eros.','Nathan Hale','2023-02-07'),(456,'nunc est, mollis non,','Mikayla Casey','2003-03-23'),(457,'Cras dolor dolor,','Destiny Rodriquez','2009-02-18'),(458,'Sed pharetra, felis eget','Carl Barlow','2004-01-31'),(459,'tellus. Nunc lectus pede,','Kameko Johnson','2013-04-27'),(460,'massa. Vestibulum accumsan','Blake Barr','2002-12-14'),(461,'justo. Proin non','Samantha Gilmore','2009-06-27'),(462,'odio. Nam interdum','Rhoda Griffith','2011-07-10'),(463,'dis parturient montes,','Thomas Pace','2017-02-11'),(464,'pede. Cras vulputate velit','Priscilla Blevins','2014-08-06'),(465,'semper auctor. Mauris vel','Sasha Wilkins','2016-03-25'),(466,'leo elementum sem, vitae','Ignatius Perry','2022-08-05'),(467,'ullamcorper, nisl arcu iaculis','Belle Tate','2001-08-14'),(468,'libero at auctor','Ashton Harmon','2008-05-03'),(469,'at augue id','Baker Lewis','2015-08-10'),(470,'nisi. Cum sociis','Scott Whitehead','2019-06-28'),(471,'ultrices. Duis volutpat','Demetria Day','2007-03-03'),(472,'amet, faucibus ut, nulla.','Isaiah Curry','2010-08-09'),(473,'vulputate mauris sagittis','Brent Garrett','2022-10-15'),(474,'mauris elit,','Xandra Harvey','2017-05-18'),(475,'pellentesque massa lobortis','Darrel Rowland','2013-12-16'),(476,'Nullam scelerisque','Nichole Vang','2017-09-22'),(477,'ligula. Donec','Larissa Bolton','2017-04-30'),(478,'urna. Nunc','Griffith Forbes','2019-10-02'),(479,'sollicitudin a, malesuada','Dominique Sears','2019-08-13'),(480,'nunc id enim. Curabitur','Leila Phillips','2021-04-20'),(481,'tellus faucibus','Joshua Contreras','2018-05-31'),(482,'orci lacus','Harrison Sampson','2011-10-13'),(483,'volutpat ornare, facilisis','Randall Bradshaw','2011-07-21'),(484,'Quisque ac libero','Baker Winters','2012-02-20'),(485,'eu tempor','Duncan Maddox','2007-10-13'),(486,'bibendum ullamcorper. Duis cursus,','Phillip Roth','2006-04-24'),(487,'Donec tempor, est','Jonas Fields','2004-03-03'),(488,'ullamcorper, nisl arcu iaculis enim,','Laith O\'brien','2016-02-02'),(489,'non leo.','Iona Velazquez','2003-10-08'),(490,'ultricies ornare, elit','Cathleen Odom','2022-11-02'),(491,'et nunc. Quisque ornare','Coby Vaughan','2017-09-17'),(492,'nunc interdum feugiat. Sed nec','Griffith Everett','2014-01-11'),(493,'ac arcu.','Steven Mckenzie','2006-08-03'),(494,'pellentesque eget, dictum placerat,','Jack Petty','2022-08-05'),(495,'a sollicitudin orci sem','Zia Navarro','2016-02-03'),(496,'enim diam vel arcu. Curabitur','Judah Humphrey','2022-04-04'),(497,'quis lectus. Nullam','Medge Gilbert','2023-08-28'),(498,'non justo. Proin non','Bertha Kinney','2006-01-27'),(499,'nulla. Donec non justo. Proin','Coby Farrell','2002-04-21'),(500,'dapibus id, blandit at,','Steel Monroe','2009-12-04'),(501,'vehicula. Pellentesque tincidunt tempus','Hilel Dickerson','2009-11-15'),(502,'sem, vitae','Shelby Reid','2001-10-19'),(503,'vulputate, posuere','Angela Dillon','2011-04-22'),(504,'vehicula. Pellentesque tincidunt tempus','Ryder Franklin','2005-09-23'),(505,'adipiscing. Mauris molestie','Christine Houston','2013-03-29'),(506,'eleifend nec, malesuada','Keiko Reid','2014-11-17'),(507,'sem elit, pharetra ut,','Jordan Atkins','2021-08-01'),(508,'tortor. Nunc commodo auctor velit.','Gray Vinson','2001-03-23'),(509,'amet, dapibus id, blandit','Ifeoma Walton','2002-05-26'),(510,'auctor quis, tristique ac,','Sonia Huff','2022-12-13'),(511,'iaculis aliquet diam.','Leonard Benson','2011-04-19'),(512,'magnis dis parturient montes,','Elton Todd','2018-02-12'),(513,'faucibus ut, nulla.','Courtney Young','2023-10-17'),(514,'facilisis non, bibendum sed,','Benedict Hobbs','2015-02-06'),(515,'libero. Proin mi.','May Boone','2012-04-07'),(516,'viverra. Donec tempus, lorem','Brynne Rosales','2012-05-17'),(517,'at risus. Nunc ac sem','Tamekah Daugherty','2015-06-23'),(518,'Fusce aliquam,','Charity Dejesus','2015-03-02'),(519,'Proin eget','Sage Page','2008-09-16'),(520,'sed pede nec','Raja Gomez','2020-07-19'),(521,'pede, malesuada vel,','Wang Waters','2001-10-17'),(522,'parturient montes,','Damon Stafford','2021-03-09'),(523,'consequat nec, mollis','Baxter Coffey','2001-11-18'),(524,'Phasellus in','Nita Buchanan','2013-03-07'),(525,'enim, gravida sit amet,','Lynn Conner','2013-08-27'),(526,'magna. Praesent interdum','Benedict Ramos','2022-10-25'),(527,'gravida mauris ut mi.','Kieran Everett','2024-04-30'),(528,'natoque penatibus et','Tate Pollard','2016-10-27'),(529,'Vestibulum ante ipsum primis','Yvette Rosales','2001-08-22'),(530,'egestas.','Rachel Cobb','2000-11-26'),(531,'vestibulum,','Kennan Mays','2017-08-17'),(532,'quis, pede. Praesent eu dui.','Hasad Phillips','2022-02-20'),(533,'Nam nulla','Honorato Sanchez','2014-02-25'),(534,'erat. Etiam vestibulum massa rutrum','Amena Randall','2012-05-04'),(535,'egestas blandit.','Jena Alford','2004-11-08'),(536,'nisl. Nulla eu neque','Mohammad Hoffman','2016-12-06'),(537,'Sed eu eros. Nam','Tyrone Horton','2004-04-06'),(538,'augue scelerisque mollis. Phasellus','Geoffrey Juarez','2023-11-06'),(539,'nonummy ultricies ornare, elit','Calvin Ellison','2014-02-13'),(540,'purus. Duis','Rama Mcneil','2011-06-16'),(541,'Donec est mauris, rhoncus','Oleg Rivers','2022-01-21'),(542,'vestibulum massa','Brianna Barry','2008-07-10'),(543,'tincidunt adipiscing. Mauris','Melanie Barton','2000-05-23'),(544,'nonummy ac, feugiat','Alan Branch','2014-01-30'),(545,'felis, adipiscing','Carl Cole','2018-09-17'),(546,'ac mi eleifend','Vaughan Blake','2010-10-09'),(547,'nisl. Quisque fringilla','Cade Cannon','2005-11-23'),(548,'ante dictum','Yoshio Craig','2011-04-01'),(549,'orci, consectetuer euismod est','Hanae Tillman','2011-05-02'),(550,'interdum','Virginia Fulton','2017-02-07'),(551,'cursus et,','Desiree Durham','2020-08-13'),(552,'nec mauris blandit mattis.','Quinlan Wall','2023-10-18'),(553,'porttitor vulputate, posuere','Hamish Ellison','2002-02-06'),(554,'massa. Vestibulum accumsan neque','MacKenzie Mccarthy','2021-02-13'),(555,'id, erat.','Amber Davidson','2018-06-20'),(556,'eros. Nam','Raja Hewitt','2004-09-30'),(557,'fames ac','Rahim Cobb','2012-05-27'),(558,'Lorem ipsum dolor','Lester Eaton','2020-12-09'),(559,'in faucibus','Daniel Houston','2005-02-08'),(560,'amet ornare lectus','Bruno Holmes','2021-10-30'),(561,'risus. In mi pede,','Asher Bernard','2020-06-15'),(562,'sed dui. Fusce','Ciara Poole','2024-02-25'),(563,'consectetuer','Noah Wolf','2009-01-22'),(564,'sit amet diam eu','Trevor Hopkins','2007-08-25'),(565,'Morbi metus. Vivamus euismod urna.','Fritz Conrad','2018-09-17'),(566,'sapien imperdiet ornare.','Dale Wong','2014-05-26'),(567,'malesuada fames ac','Kyra Byers','2017-01-31'),(568,'posuere cubilia Curae Donec','Bert Ware','2014-05-02'),(569,'nibh. Donec est mauris,','Tanya Vance','2020-07-11'),(570,'sapien.','Lilah Ochoa','2012-12-07'),(571,'imperdiet ornare. In','Thane Sims','2001-04-18'),(572,'enim, condimentum eget, volutpat ornare,','Hunter Lamb','2018-03-31'),(573,'fringilla euismod enim. Etiam','Emerald Carver','2010-04-18'),(574,'Phasellus ornare. Fusce mollis. Duis','Serina Jefferson','2015-03-17'),(575,'cursus non, egestas a,','Raja Benson','2000-11-07'),(576,'consectetuer adipiscing elit. Curabitur','Kaseem Anthony','2021-05-28'),(577,'dolor. Quisque','Sade Burch','2003-01-15'),(578,'senectus et netus','Roanna Morris','2022-07-10'),(579,'arcu','Fiona Best','2011-07-31'),(580,'imperdiet ornare.','Renee Mcpherson','2021-02-17'),(581,'tortor. Integer','Luke Clarke','2013-03-11'),(582,'fringilla est. Mauris eu turpis.','Jason Morris','2016-07-15'),(583,'ut ipsum ac mi eleifend','Beau England','2014-06-17'),(584,'erat vitae risus. Duis','Ulysses Mathis','2021-04-27'),(585,'quam. Pellentesque habitant','Macy Buckley','2019-07-28'),(586,'consectetuer ipsum nunc id enim.','Winter Kramer','2005-01-06'),(587,'lobortis ultrices.','Yardley Suarez','2004-05-11'),(588,'rutrum.','Petra Battle','2001-08-25'),(589,'nulla','Brandon Snider','2012-10-07'),(590,'tincidunt tempus risus.','Edan Stephenson','2011-05-20'),(591,'Donec luctus aliquet odio.','Ethan Sweet','2010-07-30'),(592,'sit amet ornare','Katelyn Barrera','2022-07-03'),(593,'molestie sodales.','Dane Mcneil','2006-01-04'),(594,'nulla vulputate dui,','Lawrence Heath','2011-03-13'),(595,'lorem semper','Imani Rivers','2001-07-13'),(596,'eu augue porttitor interdum. Sed','Tashya Flowers','2007-02-04'),(597,'auctor quis, tristique ac,','Alexandra Vazquez','2012-11-12'),(598,'mus. Proin vel arcu','Quin Brennan','2023-07-15'),(599,'Praesent eu','Ginger Sims','2005-04-25'),(600,'ornare sagittis felis. Donec tempor,','Lester Day','2004-06-11'),(601,'tortor. Nunc commodo auctor velit.','Chandler Saunders','2020-05-25'),(602,'et magnis dis parturient','Cara Estrada','2021-12-01'),(603,'augue id ante dictum','Alexis Hall','2017-04-14'),(604,'nec, eleifend','Keane Huffman','2016-04-13'),(605,'et libero. Proin','Tara Graham','2009-03-30'),(606,'dapibus quam quis','Eve Holmes','2014-03-29'),(607,'eu enim. Etiam','Evangeline Olsen','2017-04-01'),(608,'aliquet molestie tellus.','Jordan Flores','2008-07-23'),(609,'eu, ligula.','Avye Guy','2014-09-01'),(610,'mauris','Mannix Bonner','2015-01-26'),(611,'ipsum nunc id enim. Curabitur','Hiram Hunter','2014-09-09'),(612,'nisl. Maecenas','Nita Aguirre','2016-05-14'),(613,'Donec feugiat','Rose Cooke','2022-12-07'),(614,'odio.','Nora Horn','2010-05-08'),(615,'odio semper cursus.','Doris Lane','2011-09-04'),(616,'et,','Igor Reilly','2008-08-27'),(617,'mattis semper, dui','Zephania Justice','2005-11-04'),(618,'Suspendisse aliquet molestie tellus.','Tallulah Turner','2021-02-22'),(619,'pharetra, felis eget varius','Kitra Woods','2009-10-03'),(620,'amet massa. Quisque porttitor','Porter Bird','2021-03-16'),(621,'sociis natoque penatibus et','Rina Franco','2019-06-15'),(622,'eget laoreet','Maya Schmidt','2021-02-17'),(623,'Vestibulum accumsan neque et nunc.','Leandra Baird','2015-03-17'),(624,'pharetra sed, hendrerit a, arcu.','Rhiannon Wallace','2018-08-25'),(625,'vel quam dignissim pharetra.','Anne Wheeler','2017-11-21'),(626,'metus vitae','Iona Jenkins','2000-01-10'),(627,'Nullam vitae diam. Proin dolor.','Kadeem Morrow','2013-10-07'),(628,'mollis nec, cursus a, enim.','Cameron Huffman','2009-03-08'),(629,'Praesent interdum ligula eu','Kirsten Jensen','2017-10-13'),(630,'vulputate, nisi sem','Ashely Klein','2012-10-01'),(631,'Aenean massa. Integer vitae nibh.','Macaulay Ayala','2020-02-02'),(632,'blandit viverra. Donec','Zane Roberson','2005-10-03'),(633,'lorem ipsum sodales','Shana Giles','2004-01-19'),(634,'odio.','Acton Osborn','2002-07-09'),(635,'eu, odio. Phasellus at','Astra Anderson','2002-09-08'),(636,'imperdiet ornare. In faucibus.','Lysandra Forbes','2004-01-15'),(637,'erat semper rutrum.','Quynn Reese','2013-12-15'),(638,'eu enim.','Simon Livingston','2008-12-12'),(639,'porttitor eros nec tellus.','Samantha Greene','2005-01-04'),(640,'mi lorem,','Aurora Adkins','2015-07-10'),(641,'sem','Zeph Witt','2001-02-20'),(642,'at, egestas a,','Elton Macdonald','2011-10-19'),(643,'arcu. Curabitur ut','Jacob Thomas','2006-01-19'),(644,'leo.','Shoshana Hardin','2021-04-06'),(645,'Sed et','Laurel Keller','2001-02-07'),(646,'congue turpis. In','Jarrod Burgess','2005-08-23'),(647,'amet luctus','Flavia O\'Neill','2002-04-26'),(648,'tellus','Amal Walsh','2000-11-11'),(649,'nulla. Cras eu tellus','Kyra Chandler','2008-05-26'),(650,'luctus vulputate,','Naida Russo','2024-04-08'),(651,'sapien. Cras','Erin Buchanan','2020-03-22'),(652,'magna sed dui. Fusce aliquam,','Sebastian Sweeney','2006-02-25'),(653,'Cum sociis natoque penatibus','Jordan Boone','2014-06-11'),(654,'dignissim. Maecenas ornare','Aladdin Gentry','2013-06-13'),(655,'felis ullamcorper viverra. Maecenas','Dorian Garner','2003-09-30'),(656,'ipsum','Norman Mathews','2000-02-03'),(657,'dolor','Kasimir Irwin','2013-02-26'),(658,'nec enim.','Demetrius Valencia','2022-01-09'),(659,'euismod ac, fermentum','Aurelia Finch','2010-05-03'),(660,'sit amet ante. Vivamus','Kimberley Hammond','2003-12-06'),(661,'tempus non,','Amanda Colon','2008-11-27'),(662,'Nullam suscipit,','Arden Gregory','2022-10-13'),(663,'Duis a','Leandra Moran','2005-07-18'),(664,'egestas. Sed pharetra,','Keith Stein','2016-06-25'),(665,'orci lobortis augue','Drew Short','2010-02-18'),(666,'odio. Nam interdum','Garrison Duncan','2012-09-29'),(667,'ipsum. Phasellus vitae mauris','Risa Beck','2021-01-18'),(668,'et magnis','Sarah Poole','2003-05-26'),(669,'egestas ligula. Nullam feugiat','Alana Bell','2002-01-08'),(670,'congue turpis. In','Illana Sharpe','2011-11-20'),(671,'sed, est.','Kiona Mathis','2009-12-17'),(672,'magnis dis parturient montes,','Halla Goodwin','2016-01-03'),(673,'pharetra. Nam ac nulla.','Aimee Ayers','2000-09-26'),(674,'eleifend vitae,','Cooper Watkins','2020-12-20'),(675,'aptent taciti sociosqu','Jared Cooley','2014-12-21'),(676,'arcu. Morbi sit amet massa.','Jada Curtis','2014-12-03'),(677,'sociosqu ad litora torquent','Bo Pacheco','2015-02-15'),(678,'neque. In ornare','Rhona Ellison','2007-08-31'),(679,'quis lectus.','Fatima Boone','2024-03-12'),(680,'Maecenas ornare egestas','Connor Garner','2014-04-19'),(681,'ante. Nunc mauris sapien,','Shaine Noel','2011-05-12'),(682,'Phasellus dapibus quam','Dawn Swanson','2020-10-30'),(683,'Integer','Rama Wong','2007-03-12'),(684,'Integer vitae nibh.','Ray Barber','2003-04-26'),(685,'ipsum leo elementum sem,','Marshall Ferguson','2005-10-01'),(686,'sed pede.','Zelenia Morrison','2010-03-26'),(687,'vulputate,','Kaye Underwood','2000-10-04'),(688,'Nullam suscipit, est','Tatiana Lott','2002-06-20'),(689,'interdum libero dui nec','Candace Vasquez','2012-02-20'),(690,'taciti sociosqu ad','Chase Santana','2024-05-13'),(691,'nunc, ullamcorper','Alec Hamilton','2024-02-17'),(692,'accumsan sed,','Neil Johnston','2015-07-11'),(693,'lorem eu metus.','Mollie West','2024-01-18'),(694,'molestie dapibus ligula. Aliquam','Merritt Lee','2005-03-12'),(695,'consequat, lectus sit amet','Aaron Ortiz','2003-08-14'),(696,'sagittis felis. Donec tempor,','Barclay House','2016-08-09'),(697,'eget, volutpat ornare, facilisis','Fritz Flowers','2019-04-30'),(698,'libero lacus, varius','Tanisha Hewitt','2017-07-14'),(699,'et risus. Quisque','Doris Kelly','2004-01-26'),(700,'justo eu arcu.','Irma Clay','2005-08-30'),(701,'Cras vulputate velit eu','Berk Snow','2013-08-15'),(702,'sodales purus, in molestie tortor','Janna Nixon','2007-11-13'),(703,'libero. Morbi','Xavier Cash','2019-12-03'),(704,'Aliquam erat volutpat.','Sage Herring','2003-09-04'),(705,'sit amet diam','Lila Mitchell','2000-11-22'),(706,'cursus, diam at','Zephr Chapman','2022-04-11'),(707,'ut dolor','Ocean Paul','2018-10-06'),(708,'Cum sociis natoque','Stewart Newton','2019-05-01'),(709,'convallis, ante lectus convallis','Emery Levy','2018-03-20'),(710,'lacus vestibulum','Kyra Mccall','2015-11-20'),(711,'a tortor. Nunc','Oleg Kane','2015-08-01'),(712,'mauris. Morbi non','Piper Mooney','2009-03-29'),(713,'libero lacus, varius et,','Sasha Fowler','2009-05-25'),(714,'Sed et','Rinah Kline','2016-05-31'),(715,'metus.','Jasmine Jacobson','2008-06-10'),(716,'auctor','Cailin Middleton','2018-10-13'),(717,'Nullam','Tana Cannon','2000-10-31'),(718,'Nam interdum','Vielka White','2012-03-05'),(719,'fringilla. Donec feugiat','Josiah Sears','2019-06-19'),(720,'pede. Cum sociis natoque','Aphrodite Andrews','2005-02-28'),(721,'iaculis aliquet diam.','Illiana Cunningham','2016-10-22'),(722,'In mi pede,','May Pierce','2023-06-16'),(723,'gravida non, sollicitudin a, malesuada','Celeste Rosales','2021-08-25'),(724,'lobortis, nisi nibh lacinia orci,','Sophia Kramer','2015-11-15'),(725,'quis massa. Mauris vestibulum,','Martha Greene','2020-08-10'),(726,'aliquet odio. Etiam','Hunter Diaz','2019-10-15'),(727,'tempor, est','Venus Wyatt','2005-07-04'),(728,'Donec nibh','Tucker Nash','2022-09-28'),(729,'dui,','Katell Howe','2016-07-05'),(730,'cursus in,','Warren Buck','2017-12-22'),(731,'augue. Sed','Emily Salinas','2005-12-19'),(732,'pellentesque eget, dictum','Aline Cummings','2009-03-12'),(733,'ultricies ornare, elit elit','Akeem Torres','2019-05-03'),(734,'ac risus. Morbi metus. Vivamus','Vincent Mcmillan','2004-07-30'),(735,'sagittis. Nullam vitae','Harrison Mann','2006-06-16'),(736,'vehicula risus. Nulla eget','Nathan Wilder','2006-12-28'),(737,'sem egestas blandit. Nam','Cruz Levy','2007-10-13'),(738,'leo','Jocelyn Marsh','2006-08-25'),(739,'Quisque ornare tortor','Chastity Leonard','2019-06-28'),(740,'risus. Duis','Neville Greene','2013-03-08'),(741,'enim mi tempor lorem,','Brett Riley','2023-01-04'),(742,'lorem fringilla ornare placerat, orci','Stacy Floyd','2002-06-16'),(743,'turpis. Aliquam adipiscing','Talon Schultz','2019-08-14'),(744,'arcu. Nunc mauris. Morbi','Remedios Spears','2023-01-03'),(745,'nec tellus. Nunc lectus','Farrah Kerr','2001-11-26'),(746,'accumsan neque et','Donovan Santiago','2013-12-13'),(747,'netus et malesuada fames ac','Angelica Dickerson','2017-04-01'),(748,'bibendum.','Portia Buckley','2014-06-17'),(749,'gravida nunc','Felicia Donaldson','2009-11-12'),(750,'natoque penatibus et magnis','Allen Watson','2018-08-20'),(751,'primis in faucibus orci','Anjolie Harris','2004-07-15'),(752,'a, dui. Cras','Jorden Charles','2014-02-11'),(753,'sed libero. Proin','Gail Burnett','2018-06-14'),(754,'sed dictum','Gillian Reid','2008-11-17'),(755,'ipsum leo elementum','Wang Franks','2022-01-30'),(756,'tristique ac, eleifend vitae,','Malachi Burch','2021-02-24'),(757,'Cras vulputate','Jason Copeland','2022-11-11'),(758,'libero. Integer in magna.','Nolan Banks','2005-12-21'),(759,'sit amet','Kelly Diaz','2015-08-01'),(760,'Quisque porttitor eros nec tellus.','Samuel Lara','2000-06-08'),(761,'parturient montes, nascetur ridiculus','Hanna Madden','2010-11-16'),(762,'mauris eu elit. Nulla','Phoebe Armstrong','2002-03-31'),(763,'ut quam','Haley Lamb','2009-12-21'),(764,'at pede. Cras','Jordan Workman','2011-09-30'),(765,'nulla at sem molestie','Octavius Pratt','2008-02-14'),(766,'congue turpis. In condimentum. Donec','Adria Johnston','2022-06-19'),(767,'dui, in sodales elit','Shafira Griffith','2021-11-06'),(768,'laoreet ipsum. Curabitur consequat,','Tad Fischer','2017-07-08'),(769,'gravida nunc','Amethyst Fuentes','2007-11-25'),(770,'convallis, ante','Zachery Travis','2011-01-13'),(771,'a felis ullamcorper viverra. Maecenas','Noelani Coffey','2012-08-13'),(772,'sem. Nulla interdum. Curabitur','Norman Whitney','2003-01-24'),(773,'aliquam iaculis, lacus','Hilel Howell','2021-09-14'),(774,'Etiam gravida molestie','Frances Oneil','2021-09-30'),(775,'Fusce fermentum','Melyssa Mcintosh','2006-05-28'),(776,'orci lobortis augue','Gay Foreman','2001-05-29'),(777,'ipsum ac mi','Mariam Jordan','2021-01-28'),(778,'Etiam gravida','Price O\'Neill','2005-04-18'),(779,'Nunc ullamcorper, velit','Tatyana Riley','2018-02-12'),(780,'in molestie tortor nibh','William Swanson','2000-02-29'),(781,'sit amet lorem','Deborah Hickman','2014-07-31'),(782,'vulputate, posuere vulputate,','Duncan Parsons','2024-04-27'),(783,'facilisis vitae, orci. Phasellus','Eric Hester','2015-11-10'),(784,'amet, faucibus ut, nulla.','Germane Parsons','2009-06-04'),(785,'Curabitur dictum. Phasellus','Jenette Jordan','2024-02-25'),(786,'libero.','Lesley Farley','2008-09-01'),(787,'Sed neque.','Deborah Reilly','2010-04-11'),(788,'sagittis','Marcia Brady','2000-05-06'),(789,'tempus risus. Donec','Lydia Guthrie','2006-08-26'),(790,'Nunc ac sem','Joel Hunt','2024-05-09'),(791,'nec metus','Meghan Waters','2017-06-12'),(792,'elementum sem, vitae aliquam eros','Bryar Macdonald','2024-04-07'),(793,'metus. Vivamus euismod urna. Nullam','Gabriel Benton','2010-06-13'),(794,'quis lectus. Nullam','Berk Brady','2012-08-22'),(795,'Nunc quis','Imelda Delgado','2019-01-02'),(796,'Vivamus','Fulton Phillips','2008-07-01'),(797,'Sed nec metus facilisis lorem','Adrienne Shaw','2014-09-09'),(798,'nisi sem','Ashely Hartman','2008-07-10'),(799,'nulla vulputate dui, nec','Yolanda Hudson','2014-11-24'),(800,'est, congue a,','Chiquita Rowland','2004-12-26'),(801,'pede. Suspendisse','Price Bates','2023-09-26'),(802,'augue. Sed molestie.','Adam Frederick','2016-08-20'),(803,'eu augue','Blake Perry','2016-02-03'),(804,'tincidunt pede ac urna. Ut','Ulla Malone','2017-07-30'),(805,'pede et','Cooper Stewart','2005-02-22'),(806,'non dui nec urna','Donovan Bowman','2001-01-30'),(807,'sit','Chandler Sparks','2013-10-02'),(808,'elit erat vitae risus. Duis','Madonna Young','2001-12-05'),(809,'sem elit, pharetra','Armand Mosley','2019-06-16'),(810,'ante dictum cursus.','Hayes Sullivan','2023-05-09'),(811,'Nulla tempor','Emery Day','2008-05-09'),(812,'Phasellus libero mauris, aliquam eu,','Hamilton Gamble','2005-06-02'),(813,'eu neque','Lacey Deleon','2009-07-28'),(814,'vitae sodales nisi magna','Stuart Conley','2017-02-07'),(815,'ut, pellentesque eget, dictum','Kylynn Carver','2010-03-11'),(816,'Curabitur consequat,','Philip Terry','2003-10-23'),(817,'libero. Integer in','Ori Norman','2007-10-22'),(818,'sed, hendrerit a, arcu.','Harriet Black','2023-08-13'),(819,'nisl. Quisque fringilla euismod','Rajah Mcguire','2001-06-23'),(820,'enim. Curabitur massa. Vestibulum accumsan','Yvette Noble','2011-06-01'),(821,'condimentum. Donec at arcu.','Zorita Albert','2000-07-22'),(822,'eget metus.','Malik Willis','2002-07-11'),(823,'libero est, congue a,','Alden Mccoy','2023-07-30'),(824,'amet luctus vulputate,','Miriam Whitehead','2016-06-03'),(825,'ultricies sem magna nec quam.','Tatiana Camacho','2017-08-09'),(826,'massa non ante','Chancellor England','2008-12-01'),(827,'porttitor interdum.','Jolene Calhoun','2020-01-30'),(828,'ac libero','Ina Malone','2006-08-24'),(829,'Duis dignissim tempor arcu.','Garth Barrett','2024-04-06'),(830,'Nulla facilisi. Sed neque.','Madison Gilmore','2001-06-20'),(831,'ipsum cursus vestibulum.','Florence Mcintyre','2013-05-27'),(832,'cursus, diam','Gage Cervantes','2003-10-05'),(833,'pellentesque, tellus sem mollis dui,','Pearl Santos','2022-12-22'),(834,'Ut semper pretium neque.','Gisela Rosales','2011-06-08'),(835,'lobortis. Class aptent taciti sociosqu','Kyle Duffy','2004-05-09'),(836,'at','Leroy Robbins','2012-02-24'),(837,'Fusce mi lorem, vehicula','Nell Herrera','2013-06-25'),(838,'ultricies','Belle Gordon','2018-06-03'),(839,'et, lacinia','Quynn Goodman','2012-11-09'),(840,'Nulla','Joy Hull','2021-08-08'),(841,'Nunc laoreet lectus quis','Cleo Roy','2020-05-04'),(842,'est ac mattis','Phillip Bass','2007-03-23'),(843,'aliquet molestie tellus. Aenean','Alfonso Carpenter','2006-02-15'),(844,'amet, faucibus ut,','Tanisha Cross','2014-01-06'),(845,'dignissim tempor','Arden Espinoza','2000-07-19'),(846,'id,','Lesley Fowler','2019-03-12'),(847,'sit amet,','Rhea Rush','2017-12-10'),(848,'lectus justo eu','Zeus Vinson','2012-04-01'),(849,'eu, accumsan sed, facilisis vitae,','Whilemina Anthony','2012-07-31'),(850,'Praesent luctus. Curabitur egestas','Melvin Jefferson','2009-10-29'),(851,'nonummy','Kermit Bridges','2014-02-07'),(852,'enim. Sed nulla ante,','Noah Vega','2010-08-04'),(853,'at, libero.','Stella Sanford','2015-12-27'),(854,'lacus.','Germane Clayton','2000-02-29'),(855,'vehicula. Pellentesque tincidunt tempus','Karleigh Maldonado','2016-12-17'),(856,'consequat dolor','Barclay Parsons','2015-12-03'),(857,'Praesent eu nulla at','Mary Zimmerman','2004-05-18'),(858,'ornare sagittis felis.','Judah Marks','2000-08-23'),(859,'lorem semper auctor. Mauris','Phelan Michael','2011-06-03'),(860,'lobortis','Gray Ayers','2016-04-14'),(861,'in','Eagan Morin','2003-11-03'),(862,'amet metus.','Jaime Navarro','2009-10-29'),(863,'parturient montes, nascetur','Karly Mcneil','2015-05-17'),(864,'id nunc interdum feugiat.','Brynn Mckay','2004-11-02'),(865,'feugiat non,','Yoshio Valdez','2021-02-24'),(866,'Nulla tempor','Carly Meyer','2022-11-13'),(867,'Morbi','Keelie Leonard','2016-10-20'),(868,'vulputate eu, odio.','Willa Mueller','2023-10-14'),(869,'non, lacinia at, iaculis quis,','Xantha Bowers','2003-08-11'),(870,'gravida nunc sed','Vance Gay','2007-08-20'),(871,'amet, consectetuer adipiscing elit. Etiam','Dale Park','2006-04-05'),(872,'pede. Cum sociis natoque','Xantha Berry','2014-05-21'),(873,'ante. Nunc mauris','Lester English','2008-02-13'),(874,'vitae, posuere at, velit.','Berk Guerrero','2016-02-21'),(875,'lacus. Cras interdum.','Noelani Goff','2003-11-30'),(876,'nec urna et','Finn Santiago','2006-03-28'),(877,'sem mollis dui, in','Shelley Larsen','2022-10-05'),(878,'Integer vulputate, risus','Dennis Frost','2006-04-19'),(879,'lorem ipsum sodales','Kylee Olson','2011-07-01'),(880,'tincidunt tempus risus.','Colton Collier','2012-12-14'),(881,'sagittis semper.','Thor Ayers','2019-02-10'),(882,'ut, sem. Nulla interdum.','Tasha English','2013-02-15'),(883,'lacinia vitae,','Rachel Kelly','2018-05-13'),(884,'Cras','Deanna Buckley','2020-09-10'),(885,'ut, sem. Nulla interdum. Curabitur','Ainsley Dalton','2018-01-14'),(886,'lectus,','Ann Sanford','2016-04-18'),(887,'malesuada','Tate Higgins','2022-08-03'),(888,'Nunc','Neil Ingram','2015-02-19'),(889,'Maecenas libero est, congue','Alyssa Pena','2005-10-19'),(890,'tortor at risus. Nunc ac','Uriah Morrison','2004-03-10'),(891,'cursus et, eros. Proin','Matthew Middleton','2018-01-26'),(892,'Ut tincidunt vehicula risus. Nulla','Colton Phillips','2009-04-25'),(893,'nisl arcu iaculis','Alfreda Curry','2007-05-17'),(894,'lectus convallis est,','Lee Mcmahon','2008-12-12'),(895,'arcu. Sed eu','Brandon Weiss','2003-10-08'),(896,'et malesuada fames','Evelyn Mason','2021-05-21'),(897,'Quisque','Kane Manning','2015-01-14'),(898,'Nunc laoreet lectus quis','Zenia Meadows','2000-05-29'),(899,'Suspendisse aliquet molestie','Evelyn English','2011-09-25'),(900,'Integer id magna et ipsum','India Carver','2009-09-27'),(901,'Sed','Claudia Vaughan','2007-05-18'),(902,'Donec tincidunt. Donec','Russell Downs','2005-10-11'),(903,'feugiat. Sed nec','Sage Lowe','2007-03-26'),(904,'a tortor.','Clayton Campos','2018-01-04'),(905,'Cras vulputate velit','Reuben Dixon','2022-08-02'),(906,'adipiscing elit.','Jessica Potter','2022-11-27'),(907,'vitae dolor. Donec fringilla.','Kaye Donovan','2006-02-01'),(908,'lorem, auctor quis, tristique','Lev Bond','2006-10-18'),(909,'neque non quam. Pellentesque habitant','Edward Chang','2020-11-21'),(910,'eget laoreet posuere, enim','Cadman Livingston','2015-03-02'),(911,'sapien.','Jared Carrillo','2014-06-12'),(912,'at, egestas a, scelerisque sed,','Fulton Barrett','2013-08-22'),(913,'ligula. Donec luctus aliquet','Cullen Mcconnell','2018-10-15'),(914,'nulla. In tincidunt','Chandler Melton','2010-05-17'),(915,'magna. Sed eu','Caesar Simon','2002-01-19'),(916,'magna. Lorem','Grant Kim','2001-10-28'),(917,'libero. Proin mi. Aliquam','September Brady','2003-08-26'),(918,'metus urna convallis','Lawrence Morrow','2011-10-01'),(919,'lorem, eget mollis lectus','Magee Dunlap','2022-03-31'),(920,'orci sem','Tatum Carney','2014-05-03'),(921,'pede. Suspendisse dui.','Abdul Harmon','2021-10-11'),(922,'sit amet luctus vulputate, nisi','Raja Hawkins','2014-12-10'),(923,'fermentum metus.','Troy Lang','2007-02-22'),(924,'Mauris magna. Duis dignissim tempor','Bree Jones','2022-06-23'),(925,'hendrerit. Donec porttitor tellus','Ruth Small','2017-08-04'),(926,'leo. Morbi neque','Blake Mccall','2010-09-16'),(927,'elit elit fermentum risus,','Cameran Fischer','2019-04-25'),(928,'In condimentum. Donec','Camden Payne','2014-09-24'),(929,'mauris ut mi. Duis','Reed Marshall','2019-04-11'),(930,'ornare, facilisis eget,','Lani Bennett','2003-11-26'),(931,'Aliquam ornare, libero','Kalia Martin','2019-02-11'),(932,'eleifend.','Galena Burns','2006-12-14'),(933,'feugiat tellus lorem eu','Gwendolyn Mooney','2019-08-05'),(934,'Sed eu nibh','Oscar Cooke','2014-09-09'),(935,'enim. Sed nulla ante,','Chester Stewart','2018-01-04'),(936,'Pellentesque ut','Thomas Glenn','2006-06-04'),(937,'lectus. Cum sociis natoque','Graham Irwin','2019-01-03'),(938,'adipiscing non, luctus','Kirestin Parrish','2024-04-21'),(939,'dolor dolor,','Emery Owen','2011-08-07'),(940,'ligula.','Giacomo Mooney','2012-08-28'),(941,'aliquet. Proin velit.','Sasha Spears','2003-08-17'),(942,'Proin nisl sem, consequat nec,','Katelyn Kirk','2002-12-03'),(943,'nulla vulputate dui,','Audra Hays','2001-09-20'),(944,'gravida mauris ut mi. Duis','Calista Harmon','2007-02-06'),(945,'luctus et','Merritt Ramos','2004-12-05'),(946,'Class aptent','Vielka Mathews','2008-11-23'),(947,'sed turpis','Martin Cardenas','2024-04-04'),(948,'enim. Sed nulla ante,','Ima Mcmahon','2001-09-01'),(949,'nulla magna,','Wylie Townsend','2009-07-12'),(950,'interdum. Sed auctor odio','Amy Huff','2017-02-06'),(951,'cursus luctus, ipsum leo','Deacon Franks','2002-10-22'),(952,'interdum libero','Armando Alexander','2021-03-14'),(953,'tincidunt nibh. Phasellus nulla.','Baker Potter','2006-11-29'),(954,'vitae, aliquet nec, imperdiet','Shaeleigh Farmer','2009-11-18'),(955,'luctus sit amet, faucibus','Desirae Wolf','2000-02-22'),(956,'Mauris eu turpis. Nulla','Ciara Petty','2014-07-15'),(957,'hymenaeos.','Lois Howard','2005-06-16'),(958,'bibendum fermentum','Scott Mclean','2000-05-10'),(959,'risus','Florence Gilliam','2001-08-21'),(960,'et','Emery Espinoza','2004-03-13'),(961,'suscipit nonummy. Fusce fermentum','Carla Knox','2016-08-17'),(962,'luctus et ultrices','Bruce Alvarado','2022-01-25'),(963,'lorem, sit','Sigourney Deleon','2017-08-02'),(964,'lacus. Nulla tincidunt,','Dominic Raymond','2001-10-13'),(965,'ac sem ut','Peter Burris','2019-12-25'),(966,'Nulla aliquet.','Morgan Hutchinson','2003-07-26'),(967,'rhoncus id, mollis nec,','Amela Ballard','2009-01-08'),(968,'sem','Valentine England','2020-04-20'),(969,'fringilla. Donec feugiat','Logan Hickman','2018-03-19'),(970,'turpis.','Anastasia Potter','2016-05-04'),(971,'amet lorem semper auctor.','Kylee Morse','2000-03-06'),(972,'nisi. Mauris nulla. Integer','Dolan Dixon','2003-01-31'),(973,'et, rutrum non,','Charles Bates','2017-10-19'),(974,'turpis nec mauris blandit','Emily Lott','2021-09-08'),(975,'Ut','Jarrod Carlson','2018-03-04'),(976,'at, libero. Morbi accumsan laoreet','Celeste Frederick','2009-01-01'),(977,'erat vel pede blandit congue.','Abbot Poole','2020-06-03'),(978,'Aenean massa. Integer','Unity Booker','2010-08-13'),(979,'erat. Vivamus nisi.','Troy Cannon','2017-01-30'),(980,'turpis vitae purus','Serina Schwartz','2010-02-13'),(981,'tempor augue ac ipsum. Phasellus','Ginger Fischer','2001-10-07'),(982,'amet, consectetuer','Brody Ross','2004-10-06'),(983,'per inceptos','Dennis Blevins','2014-10-28'),(984,'non quam.','Maxine Mayo','2001-03-02'),(985,'luctus lobortis. Class aptent taciti','Brock Malone','2002-05-08'),(986,'lacus. Nulla','Chaim Christian','2023-06-02'),(987,'sodales elit erat vitae risus.','Tatyana Mills','2011-03-16'),(988,'Integer aliquam','Rhiannon Booker','2015-12-06'),(989,'odio','Lucian Hart','2012-10-02'),(990,'mauris id','Adrienne Trevino','2015-10-27'),(991,'lacus. Quisque purus sapien,','Germane Nunez','2008-04-05'),(992,'erat, eget tincidunt','Imani Hoffman','2002-12-16'),(993,'metus. Vivamus euismod urna. Nullam','Wesley Snyder','2020-08-24'),(994,'Vivamus rhoncus.','Lael Jordan','2006-10-24'),(995,'molestie arcu. Sed eu','Jamalia Bradford','2009-07-09'),(996,'non, egestas','Stacy Rodriquez','2023-03-14'),(997,'pharetra sed, hendrerit a,','Caesar Robles','2022-09-21'),(998,'neque. In ornare sagittis','Unity Bishop','2004-06-09'),(999,'in molestie','Wylie Mcfarland','2015-07-06'),(1000,'Donec egestas. Aliquam nec','Dai Wilkerson','2022-09-29');
/*!40000 ALTER TABLE `LIBROS` ENABLE KEYS */;
UNLOCK TABLES;

--
-- Table structure for table `LIBROS_ELECTRONICOS`
--

DROP TABLE IF EXISTS `LIBROS_ELECTRONICOS`;
/*!40101 SET @saved_cs_client     = @@character_set_client */;
/*!50503 SET character_set_client = utf8mb4 */;
CREATE TABLE `LIBROS_ELECTRONICOS` (
  `ID_LIBRO` int NOT NULL,
  `FORMATO` varchar(30) NOT NULL,
  PRIMARY KEY (`ID_LIBRO`),
  CONSTRAINT `libros_electronicos_fk` FOREIGN KEY (`ID_LIBRO`) REFERENCES `LIBROS` (`ID_LIBRO`)
) ENGINE=InnoDB DEFAULT CHARSET=utf8mb4 COLLATE=utf8mb4_0900_ai_ci;
/*!40101 SET character_set_client = @saved_cs_client */;

--
-- Dumping data for table `LIBROS_ELECTRONICOS`
--

LOCK TABLES `LIBROS_ELECTRONICOS` WRITE;
/*!40000 ALTER TABLE `LIBROS_ELECTRONICOS` DISABLE KEYS */;
INSERT INTO `LIBROS_ELECTRONICOS` VALUES (501,'Word'),(502,'PDF'),(503,'Word'),(504,'Word'),(505,'PDF'),(506,'PDF'),(507,'Word'),(508,'PDF'),(509,'Word'),(510,'PDF'),(511,'Word'),(512,'Word'),(513,'PDF'),(514,'PDF'),(515,'Word'),(516,'PDF'),(517,'Word'),(518,'PDF'),(519,'PDF'),(520,'PDF'),(521,'PDF'),(522,'Word'),(523,'Word'),(524,'Word'),(525,'PDF'),(526,'Word'),(527,'Word'),(528,'PDF'),(529,'PDF'),(530,'PDF'),(531,'PDF'),(532,'PDF'),(533,'PDF'),(534,'Word'),(535,'PDF'),(536,'Word'),(537,'Word'),(538,'Word'),(539,'PDF'),(540,'PDF'),(541,'PDF'),(542,'Word'),(543,'PDF'),(544,'Word'),(545,'PDF'),(546,'Word'),(547,'PDF'),(548,'PDF'),(549,'Word'),(550,'PDF'),(551,'Word'),(552,'Word'),(553,'PDF'),(554,'PDF'),(555,'Word'),(556,'PDF'),(557,'PDF'),(558,'Word'),(559,'Word'),(560,'Word'),(561,'PDF'),(562,'PDF'),(563,'PDF'),(564,'Word'),(565,'PDF'),(566,'Word'),(567,'PDF'),(568,'Word'),(569,'PDF'),(570,'PDF'),(571,'PDF'),(572,'PDF'),(573,'Word'),(574,'Word'),(575,'Word'),(576,'PDF'),(577,'Word'),(578,'Word'),(579,'PDF'),(580,'PDF'),(581,'PDF'),(582,'Word'),(583,'Word'),(584,'Word'),(585,'Word'),(586,'Word'),(587,'PDF'),(588,'Word'),(589,'Word'),(590,'Word'),(591,'PDF'),(592,'PDF'),(593,'PDF'),(594,'PDF'),(595,'PDF'),(596,'PDF'),(597,'Word'),(598,'Word'),(599,'Word'),(600,'PDF'),(601,'Word'),(602,'Word'),(603,'PDF'),(604,'Word'),(605,'PDF'),(606,'PDF'),(607,'PDF'),(608,'Word'),(609,'Word'),(610,'Word'),(611,'PDF'),(612,'PDF'),(613,'Word'),(614,'Word'),(615,'PDF'),(616,'PDF'),(617,'PDF'),(618,'PDF'),(619,'Word'),(620,'Word'),(621,'Word'),(622,'Word'),(623,'PDF'),(624,'PDF'),(625,'PDF'),(626,'PDF'),(627,'PDF'),(628,'Word'),(629,'PDF'),(630,'Word'),(631,'PDF'),(632,'PDF'),(633,'PDF'),(634,'PDF'),(635,'Word'),(636,'Word'),(637,'PDF'),(638,'Word'),(639,'Word'),(640,'Word'),(641,'PDF'),(642,'Word'),(643,'PDF'),(644,'PDF'),(645,'Word'),(646,'PDF'),(647,'Word'),(648,'PDF'),(649,'Word'),(650,'Word'),(651,'PDF'),(652,'PDF'),(653,'Word'),(654,'PDF'),(655,'Word'),(656,'PDF'),(657,'PDF'),(658,'PDF'),(659,'Word'),(660,'Word'),(661,'Word'),(662,'Word'),(663,'PDF'),(664,'Word'),(665,'Word'),(666,'PDF'),(667,'Word'),(668,'Word'),(669,'PDF'),(670,'PDF'),(671,'Word'),(672,'PDF'),(673,'Word'),(674,'Word'),(675,'PDF'),(676,'Word'),(677,'PDF'),(678,'PDF'),(679,'PDF'),(680,'PDF'),(681,'PDF'),(682,'Word'),(683,'PDF'),(684,'Word'),(685,'PDF'),(686,'Word'),(687,'Word'),(688,'Word'),(689,'Word'),(690,'Word'),(691,'Word'),(692,'PDF'),(693,'PDF'),(694,'Word'),(695,'PDF'),(696,'PDF'),(697,'Word'),(698,'Word'),(699,'Word'),(700,'PDF'),(701,'PDF'),(702,'Word'),(703,'PDF'),(704,'Word'),(705,'PDF'),(706,'Word'),(707,'Word'),(708,'Word'),(709,'PDF'),(710,'PDF'),(711,'Word'),(712,'Word'),(713,'PDF'),(714,'PDF'),(715,'PDF'),(716,'Word'),(717,'PDF'),(718,'PDF'),(719,'Word'),(720,'Word'),(721,'PDF'),(722,'Word'),(723,'PDF'),(724,'PDF'),(725,'PDF'),(726,'Word'),(727,'PDF'),(728,'PDF'),(729,'PDF'),(730,'Word'),(731,'Word'),(732,'PDF'),(733,'PDF'),(734,'PDF'),(735,'PDF'),(736,'PDF'),(737,'Word'),(738,'Word'),(739,'PDF'),(740,'Word'),(741,'Word'),(742,'PDF'),(743,'PDF'),(744,'Word'),(745,'Word'),(746,'Word'),(747,'Word'),(748,'PDF'),(749,'PDF'),(750,'Word'),(751,'Word'),(752,'Word'),(753,'PDF'),(754,'PDF'),(755,'PDF'),(756,'Word'),(757,'Word'),(758,'PDF'),(759,'PDF'),(760,'Word'),(761,'Word'),(762,'Word'),(763,'PDF'),(764,'PDF'),(765,'Word'),(766,'Word'),(767,'Word'),(768,'Word'),(769,'Word'),(770,'Word'),(771,'PDF'),(772,'Word'),(773,'PDF'),(774,'PDF'),(775,'PDF'),(776,'Word'),(777,'Word'),(778,'Word'),(779,'PDF'),(780,'PDF'),(781,'Word'),(782,'PDF'),(783,'Word'),(784,'Word'),(785,'Word'),(786,'PDF'),(787,'Word'),(788,'Word'),(789,'PDF'),(790,'Word'),(791,'Word'),(792,'Word'),(793,'PDF'),(794,'Word'),(795,'Word'),(796,'PDF'),(797,'PDF'),(798,'Word'),(799,'PDF'),(800,'Word'),(801,'PDF'),(802,'PDF'),(803,'Word'),(804,'PDF'),(805,'Word'),(806,'Word'),(807,'Word'),(808,'PDF'),(809,'PDF'),(810,'Word'),(811,'PDF'),(812,'Word'),(813,'Word'),(814,'Word'),(815,'Word'),(816,'PDF'),(817,'Word'),(818,'PDF'),(819,'PDF'),(820,'Word'),(821,'PDF'),(822,'PDF'),(823,'Word'),(824,'PDF'),(825,'PDF'),(826,'Word'),(827,'PDF'),(828,'Word'),(829,'PDF'),(830,'Word'),(831,'Word'),(832,'PDF'),(833,'Word'),(834,'Word'),(835,'PDF'),(836,'PDF'),(837,'PDF'),(838,'PDF'),(839,'PDF'),(840,'Word'),(841,'Word'),(842,'Word'),(843,'Word'),(844,'PDF'),(845,'PDF'),(846,'Word'),(847,'PDF'),(848,'PDF'),(849,'PDF'),(850,'PDF'),(851,'PDF'),(852,'PDF'),(853,'Word'),(854,'Word'),(855,'Word'),(856,'PDF'),(857,'PDF'),(858,'Word'),(859,'PDF'),(860,'Word'),(861,'Word'),(862,'Word'),(863,'PDF'),(864,'Word'),(865,'Word'),(866,'Word'),(867,'PDF'),(868,'Word'),(869,'Word'),(870,'Word'),(871,'Word'),(872,'Word'),(873,'PDF'),(874,'PDF'),(875,'Word'),(876,'PDF'),(877,'PDF'),(878,'PDF'),(879,'Word'),(880,'PDF'),(881,'PDF'),(882,'Word'),(883,'PDF'),(884,'PDF'),(885,'PDF'),(886,'Word'),(887,'Word'),(888,'Word'),(889,'PDF'),(890,'PDF'),(891,'Word'),(892,'Word'),(893,'Word'),(894,'PDF'),(895,'PDF'),(896,'PDF'),(897,'PDF'),(898,'Word'),(899,'Word'),(900,'PDF'),(901,'Word'),(902,'Word'),(903,'Word'),(904,'PDF'),(905,'PDF'),(906,'PDF'),(907,'Word'),(908,'PDF'),(909,'Word'),(910,'PDF'),(911,'PDF'),(912,'Word'),(913,'Word'),(914,'PDF'),(915,'PDF'),(916,'Word'),(917,'Word'),(918,'PDF'),(919,'PDF'),(920,'PDF'),(921,'PDF'),(922,'PDF'),(923,'Word'),(924,'Word'),(925,'Word'),(926,'PDF'),(927,'Word'),(928,'Word'),(929,'PDF'),(930,'Word'),(931,'Word'),(932,'Word'),(933,'PDF'),(934,'Word'),(935,'PDF'),(936,'PDF'),(937,'PDF'),(938,'Word'),(939,'Word'),(940,'Word'),(941,'Word'),(942,'Word'),(943,'PDF'),(944,'PDF'),(945,'Word'),(946,'Word'),(947,'PDF'),(948,'PDF'),(949,'Word'),(950,'PDF'),(951,'Word'),(952,'PDF'),(953,'Word'),(954,'Word'),(955,'PDF'),(956,'Word'),(957,'PDF'),(958,'PDF'),(959,'PDF'),(960,'PDF'),(961,'Word'),(962,'Word'),(963,'Word'),(964,'PDF'),(965,'PDF'),(966,'PDF'),(967,'Word'),(968,'PDF'),(969,'PDF'),(970,'Word'),(971,'Word'),(972,'PDF'),(973,'Word'),(974,'PDF'),(975,'PDF'),(976,'Word'),(977,'PDF'),(978,'Word'),(979,'PDF'),(980,'PDF'),(981,'PDF'),(982,'PDF'),(983,'PDF'),(984,'PDF'),(985,'PDF'),(986,'Word'),(987,'PDF'),(988,'Word'),(989,'Word'),(990,'PDF'),(991,'PDF'),(992,'Word'),(993,'PDF'),(994,'Word'),(995,'PDF'),(996,'PDF'),(997,'Word'),(998,'PDF'),(999,'Word'),(1000,'PDF');
/*!40000 ALTER TABLE `LIBROS_ELECTRONICOS` ENABLE KEYS */;
UNLOCK TABLES;

--
-- Table structure for table `LIBROS_FISICOS`
--

DROP TABLE IF EXISTS `LIBROS_FISICOS`;
/*!40101 SET @saved_cs_client     = @@character_set_client */;
/*!50503 SET character_set_client = utf8mb4 */;
CREATE TABLE `LIBROS_FISICOS` (
  `ID_LIBRO` int NOT NULL,
  `CONDICION` varchar(100) NOT NULL,
  `LOCALIZACION` varchar(100) NOT NULL,
  PRIMARY KEY (`ID_LIBRO`),
  CONSTRAINT `libros_fisicos_fk` FOREIGN KEY (`ID_LIBRO`) REFERENCES `LIBROS` (`ID_LIBRO`)
) ENGINE=InnoDB DEFAULT CHARSET=utf8mb4 COLLATE=utf8mb4_0900_ai_ci;
/*!40101 SET character_set_client = @saved_cs_client */;

--
-- Dumping data for table `LIBROS_FISICOS`
--

LOCK TABLES `LIBROS_FISICOS` WRITE;
/*!40000 ALTER TABLE `LIBROS_FISICOS` DISABLE KEYS */;
INSERT INTO `LIBROS_FISICOS` VALUES (1,'usado','estanteria3'),(2,'usado','estanteria3'),(3,'nuevo','estanteria3'),(4,'usado','estanteria3'),(5,'nuevo','estanteria4'),(6,'usado','estanteria3'),(7,'usado','estanteria2'),(8,'usado','estanteria4'),(9,'usado','estanteria1'),(10,'nuevo','estanteria4'),(11,'usado','estanteria2'),(12,'nuevo','estanteria3'),(13,'nuevo','estanteria2'),(14,'usado','estanteria4'),(15,'usado','estanteria2'),(16,'nuevo','estanteria2'),(17,'usado','estanteria2'),(18,'nuevo','estanteria3'),(19,'nuevo','estanteria2'),(20,'nuevo','estanteria3'),(21,'usado','estanteria2'),(22,'usado','estanteria3'),(23,'nuevo','estanteria3'),(24,'usado','estanteria2'),(25,'usado','estanteria2'),(26,'usado','estanteria2'),(27,'usado','estanteria1'),(28,'usado','estanteria1'),(29,'usado','estanteria1'),(30,'usado','estanteria1'),(31,'usado','estanteria1'),(32,'usado','estanteria2'),(33,'usado','estanteria3'),(34,'nuevo','estanteria3'),(35,'usado','estanteria1'),(36,'nuevo','estanteria2'),(37,'usado','estanteria3'),(38,'usado','estanteria2'),(39,'usado','estanteria1'),(40,'nuevo','estanteria2'),(41,'usado','estanteria3'),(42,'usado','estanteria2'),(43,'nuevo','estanteria1'),(44,'nuevo','estanteria1'),(45,'usado','estanteria4'),(46,'usado','estanteria4'),(47,'usado','estanteria3'),(48,'usado','estanteria1'),(49,'usado','estanteria4'),(50,'usado','estanteria1'),(51,'nuevo','estanteria4'),(52,'nuevo','estanteria3'),(53,'usado','estanteria2'),(54,'nuevo','estanteria4'),(55,'usado','estanteria3'),(56,'nuevo','estanteria1'),(57,'usado','estanteria3'),(58,'usado','estanteria2'),(59,'usado','estanteria1'),(60,'nuevo','estanteria4'),(61,'nuevo','estanteria4'),(62,'nuevo','estanteria3'),(63,'nuevo','estanteria2'),(64,'nuevo','estanteria1'),(65,'nuevo','estanteria3'),(66,'usado','estanteria3'),(67,'usado','estanteria2'),(68,'nuevo','estanteria1'),(69,'nuevo','estanteria3'),(70,'usado','estanteria3'),(71,'usado','estanteria2'),(72,'nuevo','estanteria2'),(73,'nuevo','estanteria1'),(74,'nuevo','estanteria3'),(75,'usado','estanteria3'),(76,'nuevo','estanteria3'),(77,'usado','estanteria2'),(78,'usado','estanteria2'),(79,'nuevo','estanteria2'),(80,'usado','estanteria1'),(81,'nuevo','estanteria2'),(82,'usado','estanteria2'),(83,'nuevo','estanteria3'),(84,'nuevo','estanteria1'),(85,'usado','estanteria2'),(86,'nuevo','estanteria3'),(87,'usado','estanteria1'),(88,'nuevo','estanteria3'),(89,'nuevo','estanteria3'),(90,'usado','estanteria4'),(91,'nuevo','estanteria2'),(92,'nuevo','estanteria3'),(93,'usado','estanteria2'),(94,'usado','estanteria4'),(95,'nuevo','estanteria3'),(96,'nuevo','estanteria3'),(97,'nuevo','estanteria2'),(98,'nuevo','estanteria3'),(99,'usado','estanteria1'),(100,'usado','estanteria2'),(101,'nuevo','estanteria2'),(102,'usado','estanteria3'),(103,'usado','estanteria3'),(104,'nuevo','estanteria4'),(105,'usado','estanteria2'),(106,'nuevo','estanteria4'),(107,'nuevo','estanteria4'),(108,'nuevo','estanteria2'),(109,'nuevo','estanteria1'),(110,'nuevo','estanteria3'),(111,'usado','estanteria4'),(112,'usado','estanteria3'),(113,'nuevo','estanteria2'),(114,'nuevo','estanteria3'),(115,'nuevo','estanteria2'),(116,'usado','estanteria3'),(117,'usado','estanteria1'),(118,'nuevo','estanteria4'),(119,'usado','estanteria2'),(120,'usado','estanteria3'),(121,'nuevo','estanteria1'),(122,'nuevo','estanteria2'),(123,'nuevo','estanteria4'),(124,'usado','estanteria2'),(125,'usado','estanteria1'),(126,'usado','estanteria4'),(127,'usado','estanteria4'),(128,'usado','estanteria2'),(129,'usado','estanteria2'),(130,'nuevo','estanteria2'),(131,'usado','estanteria1'),(132,'usado','estanteria3'),(133,'nuevo','estanteria4'),(134,'usado','estanteria4'),(135,'nuevo','estanteria3'),(136,'usado','estanteria2'),(137,'usado','estanteria2'),(138,'usado','estanteria3'),(139,'usado','estanteria2'),(140,'nuevo','estanteria1'),(141,'usado','estanteria4'),(142,'usado','estanteria2'),(143,'nuevo','estanteria3'),(144,'usado','estanteria3'),(145,'nuevo','estanteria2'),(146,'nuevo','estanteria2'),(147,'nuevo','estanteria3'),(148,'usado','estanteria3'),(149,'usado','estanteria4'),(150,'usado','estanteria2'),(151,'nuevo','estanteria2'),(152,'usado','estanteria1'),(153,'usado','estanteria3'),(154,'nuevo','estanteria2'),(155,'usado','estanteria1'),(156,'usado','estanteria2'),(157,'nuevo','estanteria3'),(158,'usado','estanteria1'),(159,'nuevo','estanteria3'),(160,'usado','estanteria1'),(161,'usado','estanteria1'),(162,'nuevo','estanteria1'),(163,'usado','estanteria3'),(164,'usado','estanteria2'),(165,'nuevo','estanteria3'),(166,'usado','estanteria3'),(167,'nuevo','estanteria4'),(168,'usado','estanteria4'),(169,'nuevo','estanteria3'),(170,'usado','estanteria3'),(171,'nuevo','estanteria1'),(172,'usado','estanteria4'),(173,'usado','estanteria2'),(174,'nuevo','estanteria2'),(175,'nuevo','estanteria2'),(176,'usado','estanteria2'),(177,'nuevo','estanteria2'),(178,'usado','estanteria2'),(179,'nuevo','estanteria2'),(180,'usado','estanteria2'),(181,'nuevo','estanteria2'),(182,'nuevo','estanteria2'),(183,'nuevo','estanteria4'),(184,'usado','estanteria4'),(185,'usado','estanteria2'),(186,'usado','estanteria2'),(187,'nuevo','estanteria2'),(188,'nuevo','estanteria3'),(189,'usado','estanteria4'),(190,'nuevo','estanteria1'),(191,'nuevo','estanteria3'),(192,'usado','estanteria2'),(193,'nuevo','estanteria3'),(194,'nuevo','estanteria2'),(195,'usado','estanteria3'),(196,'usado','estanteria3'),(197,'usado','estanteria2'),(198,'usado','estanteria4'),(199,'usado','estanteria3'),(200,'nuevo','estanteria3'),(201,'usado','estanteria4'),(202,'nuevo','estanteria1'),(203,'usado','estanteria2'),(204,'nuevo','estanteria2'),(205,'usado','estanteria2'),(206,'usado','estanteria2'),(207,'nuevo','estanteria1'),(208,'usado','estanteria1'),(209,'nuevo','estanteria1'),(210,'usado','estanteria3'),(211,'usado','estanteria1'),(212,'nuevo','estanteria2'),(213,'usado','estanteria2'),(214,'usado','estanteria4'),(215,'usado','estanteria3'),(216,'nuevo','estanteria3'),(217,'nuevo','estanteria3'),(218,'usado','estanteria1'),(219,'usado','estanteria2'),(220,'usado','estanteria3'),(221,'nuevo','estanteria2'),(222,'nuevo','estanteria3'),(223,'nuevo','estanteria3'),(224,'usado','estanteria3'),(225,'usado','estanteria3'),(226,'nuevo','estanteria2'),(227,'usado','estanteria1'),(228,'nuevo','estanteria4'),(229,'usado','estanteria3'),(230,'nuevo','estanteria3'),(231,'nuevo','estanteria3'),(232,'nuevo','estanteria2'),(233,'usado','estanteria3'),(234,'nuevo','estanteria3'),(235,'nuevo','estanteria4'),(236,'nuevo','estanteria4'),(237,'usado','estanteria2'),(238,'nuevo','estanteria3'),(239,'nuevo','estanteria4'),(240,'usado','estanteria4'),(241,'usado','estanteria3'),(242,'nuevo','estanteria3'),(243,'usado','estanteria3'),(244,'nuevo','estanteria1'),(245,'usado','estanteria4'),(246,'usado','estanteria2'),(247,'nuevo','estanteria4'),(248,'usado','estanteria3'),(249,'nuevo','estanteria3'),(250,'nuevo','estanteria3'),(251,'usado','estanteria3'),(252,'nuevo','estanteria2'),(253,'usado','estanteria1'),(254,'usado','estanteria4'),(255,'nuevo','estanteria4'),(256,'usado','estanteria3'),(257,'usado','estanteria3'),(258,'nuevo','estanteria2'),(259,'usado','estanteria1'),(260,'usado','estanteria4'),(261,'usado','estanteria2'),(262,'nuevo','estanteria1'),(263,'nuevo','estanteria4'),(264,'usado','estanteria1'),(265,'usado','estanteria2'),(266,'usado','estanteria2'),(267,'usado','estanteria2'),(268,'usado','estanteria3'),(269,'usado','estanteria3'),(270,'nuevo','estanteria2'),(271,'nuevo','estanteria2'),(272,'usado','estanteria2'),(273,'usado','estanteria3'),(274,'nuevo','estanteria1'),(275,'usado','estanteria2'),(276,'usado','estanteria2'),(277,'nuevo','estanteria3'),(278,'nuevo','estanteria2'),(279,'nuevo','estanteria3'),(280,'usado','estanteria1'),(281,'usado','estanteria4'),(282,'usado','estanteria2'),(283,'usado','estanteria2'),(284,'nuevo','estanteria3'),(285,'nuevo','estanteria4'),(286,'usado','estanteria2'),(287,'usado','estanteria2'),(288,'usado','estanteria2'),(289,'usado','estanteria1'),(290,'nuevo','estanteria3'),(291,'nuevo','estanteria3'),(292,'usado','estanteria2'),(293,'nuevo','estanteria4'),(294,'usado','estanteria2'),(295,'usado','estanteria1'),(296,'usado','estanteria2'),(297,'nuevo','estanteria3'),(298,'usado','estanteria1'),(299,'usado','estanteria3'),(300,'nuevo','estanteria4'),(301,'nuevo','estanteria2'),(302,'usado','estanteria1'),(303,'usado','estanteria2'),(304,'nuevo','estanteria4'),(305,'usado','estanteria4'),(306,'usado','estanteria1'),(307,'usado','estanteria2'),(308,'nuevo','estanteria3'),(309,'usado','estanteria1'),(310,'usado','estanteria4'),(311,'nuevo','estanteria2'),(312,'nuevo','estanteria1'),(313,'nuevo','estanteria1'),(314,'nuevo','estanteria1'),(315,'nuevo','estanteria2'),(316,'nuevo','estanteria4'),(317,'nuevo','estanteria3'),(318,'usado','estanteria2'),(319,'usado','estanteria2'),(320,'nuevo','estanteria4'),(321,'usado','estanteria3'),(322,'usado','estanteria3'),(323,'usado','estanteria3'),(324,'usado','estanteria1'),(325,'usado','estanteria2'),(326,'usado','estanteria3'),(327,'usado','estanteria2'),(328,'usado','estanteria2'),(329,'usado','estanteria4'),(330,'usado','estanteria2'),(331,'nuevo','estanteria2'),(332,'nuevo','estanteria1'),(333,'nuevo','estanteria2'),(334,'usado','estanteria2'),(335,'nuevo','estanteria2'),(336,'usado','estanteria3'),(337,'nuevo','estanteria3'),(338,'nuevo','estanteria1'),(339,'nuevo','estanteria3'),(340,'usado','estanteria3'),(341,'usado','estanteria2'),(342,'usado','estanteria1'),(343,'nuevo','estanteria1'),(344,'nuevo','estanteria1'),(345,'nuevo','estanteria4'),(346,'usado','estanteria1'),(347,'nuevo','estanteria1'),(348,'nuevo','estanteria2'),(349,'usado','estanteria2'),(350,'nuevo','estanteria1'),(351,'nuevo','estanteria2'),(352,'usado','estanteria2'),(353,'usado','estanteria1'),(354,'usado','estanteria3'),(355,'nuevo','estanteria2'),(356,'usado','estanteria2'),(357,'usado','estanteria1'),(358,'nuevo','estanteria4'),(359,'usado','estanteria3'),(360,'nuevo','estanteria2'),(361,'usado','estanteria2'),(362,'usado','estanteria1'),(363,'nuevo','estanteria1'),(364,'nuevo','estanteria3'),(365,'nuevo','estanteria3'),(366,'usado','estanteria3'),(367,'nuevo','estanteria3'),(368,'nuevo','estanteria2'),(369,'nuevo','estanteria3'),(370,'usado','estanteria2'),(371,'nuevo','estanteria1'),(372,'usado','estanteria3'),(373,'usado','estanteria1'),(374,'nuevo','estanteria3'),(375,'usado','estanteria3'),(376,'nuevo','estanteria3'),(377,'nuevo','estanteria4'),(378,'usado','estanteria2'),(379,'nuevo','estanteria3'),(380,'nuevo','estanteria2'),(381,'usado','estanteria3'),(382,'nuevo','estanteria2'),(383,'nuevo','estanteria2'),(384,'usado','estanteria3'),(385,'nuevo','estanteria2'),(386,'nuevo','estanteria3'),(387,'usado','estanteria3'),(388,'nuevo','estanteria3'),(389,'usado','estanteria1'),(390,'usado','estanteria3'),(391,'usado','estanteria2'),(392,'usado','estanteria2'),(393,'nuevo','estanteria2'),(394,'usado','estanteria2'),(395,'usado','estanteria3'),(396,'usado','estanteria4'),(397,'nuevo','estanteria3'),(398,'usado','estanteria3'),(399,'usado','estanteria3'),(400,'nuevo','estanteria2'),(401,'nuevo','estanteria3'),(402,'usado','estanteria3'),(403,'usado','estanteria3'),(404,'nuevo','estanteria3'),(405,'usado','estanteria1'),(406,'nuevo','estanteria3'),(407,'usado','estanteria2'),(408,'nuevo','estanteria2'),(409,'usado','estanteria2'),(410,'usado','estanteria4'),(411,'nuevo','estanteria2'),(412,'nuevo','estanteria2'),(413,'nuevo','estanteria2'),(414,'usado','estanteria4'),(415,'usado','estanteria3'),(416,'usado','estanteria4'),(417,'nuevo','estanteria2'),(418,'nuevo','estanteria2'),(419,'usado','estanteria3'),(420,'nuevo','estanteria3'),(421,'nuevo','estanteria3'),(422,'nuevo','estanteria2'),(423,'usado','estanteria3'),(424,'nuevo','estanteria3'),(425,'nuevo','estanteria2'),(426,'usado','estanteria2'),(427,'nuevo','estanteria3'),(428,'nuevo','estanteria3'),(429,'usado','estanteria4'),(430,'usado','estanteria4'),(431,'nuevo','estanteria2'),(432,'usado','estanteria3'),(433,'nuevo','estanteria2'),(434,'nuevo','estanteria2'),(435,'usado','estanteria2'),(436,'nuevo','estanteria3'),(437,'usado','estanteria2'),(438,'nuevo','estanteria1'),(439,'nuevo','estanteria1'),(440,'nuevo','estanteria3'),(441,'usado','estanteria2'),(442,'nuevo','estanteria4'),(443,'usado','estanteria3'),(444,'nuevo','estanteria3'),(445,'usado','estanteria3'),(446,'usado','estanteria1'),(447,'nuevo','estanteria3'),(448,'usado','estanteria4'),(449,'nuevo','estanteria1'),(450,'usado','estanteria4'),(451,'usado','estanteria4'),(452,'nuevo','estanteria2'),(453,'nuevo','estanteria2'),(454,'nuevo','estanteria3'),(455,'usado','estanteria1'),(456,'nuevo','estanteria3'),(457,'usado','estanteria3'),(458,'usado','estanteria2'),(459,'nuevo','estanteria2'),(460,'usado','estanteria2'),(461,'usado','estanteria1'),(462,'nuevo','estanteria1'),(463,'usado','estanteria3'),(464,'usado','estanteria1'),(465,'nuevo','estanteria2'),(466,'usado','estanteria3'),(467,'nuevo','estanteria1'),(468,'nuevo','estanteria3'),(469,'usado','estanteria1'),(470,'nuevo','estanteria4'),(471,'nuevo','estanteria3'),(472,'nuevo','estanteria2'),(473,'nuevo','estanteria3'),(474,'nuevo','estanteria2'),(475,'nuevo','estanteria4'),(476,'nuevo','estanteria1'),(477,'usado','estanteria2'),(478,'usado','estanteria3'),(479,'nuevo','estanteria2'),(480,'usado','estanteria3'),(481,'nuevo','estanteria3'),(482,'usado','estanteria4'),(483,'nuevo','estanteria2'),(484,'usado','estanteria3'),(485,'nuevo','estanteria3'),(486,'nuevo','estanteria3'),(487,'usado','estanteria2'),(488,'usado','estanteria2'),(489,'usado','estanteria3'),(490,'usado','estanteria3'),(491,'usado','estanteria1'),(492,'nuevo','estanteria2'),(493,'nuevo','estanteria2'),(494,'usado','estanteria3'),(495,'usado','estanteria3'),(496,'nuevo','estanteria2'),(497,'nuevo','estanteria2'),(498,'nuevo','estanteria1'),(499,'usado','estanteria2'),(500,'nuevo','estanteria2');
/*!40000 ALTER TABLE `LIBROS_FISICOS` ENABLE KEYS */;
UNLOCK TABLES;

--
-- Table structure for table `PRESTAMOS`
--

DROP TABLE IF EXISTS `PRESTAMOS`;
/*!40101 SET @saved_cs_client     = @@character_set_client */;
/*!50503 SET character_set_client = utf8mb4 */;
CREATE TABLE `PRESTAMOS` (
  `ID_PRESTAMO` int NOT NULL AUTO_INCREMENT,
  `ID_LIBRO` int DEFAULT NULL,
  `ID_EJEMPLAR` int DEFAULT NULL,
  `ID_USUARIO` int DEFAULT NULL,
  `FECHA_PRESTADO` date DEFAULT NULL,
  `FECHA_DEVUELTO` date DEFAULT NULL,
  PRIMARY KEY (`ID_PRESTAMO`),
  KEY `prestamos_fk_libro` (`ID_LIBRO`),
  KEY `prestamos_fk_ejemplar` (`ID_EJEMPLAR`,`ID_LIBRO`),
  KEY `prestamos_fk_usuario` (`ID_USUARIO`),
  CONSTRAINT `prestamos_fk_ejemplar` FOREIGN KEY (`ID_EJEMPLAR`, `ID_LIBRO`) REFERENCES `EJEMPLARES` (`ID_EJEMPLAR`, `ID_LIBRO`),
  CONSTRAINT `prestamos_fk_libro` FOREIGN KEY (`ID_LIBRO`) REFERENCES `LIBROS` (`ID_LIBRO`),
  CONSTRAINT `prestamos_fk_usuario` FOREIGN KEY (`ID_USUARIO`) REFERENCES `USUARIOS` (`ID_USUARIO`)
) ENGINE=InnoDB AUTO_INCREMENT=141 DEFAULT CHARSET=utf8mb4 COLLATE=utf8mb4_0900_ai_ci;
/*!40101 SET character_set_client = @saved_cs_client */;

--
-- Dumping data for table `PRESTAMOS`
--

LOCK TABLES `PRESTAMOS` WRITE;
/*!40000 ALTER TABLE `PRESTAMOS` DISABLE KEYS */;
INSERT INTO `PRESTAMOS` VALUES (1,2,2,605,'2023-01-13',NULL),(2,4,4,475,'2024-01-22','2024-03-30'),(3,6,6,984,'2024-02-29',NULL),(4,8,8,544,'2024-01-14',NULL),(5,10,10,150,'2023-10-15','2023-11-27'),(6,12,12,391,'2023-10-08','2024-01-09'),(7,14,14,492,'2024-05-13','2024-01-30'),(8,16,16,371,'2023-10-09','2024-11-21'),(9,18,18,35,'2024-01-04','2024-01-31'),(10,20,20,824,'2023-02-03',NULL),(11,22,22,965,'2024-01-03',NULL),(12,24,24,427,'2023-01-14','2024-04-16'),(13,26,26,734,'2023-11-28',NULL),(14,28,28,971,'2023-04-02',NULL),(15,30,30,800,'2023-12-03',NULL),(16,32,32,119,'2023-05-05','2023-10-10'),(17,34,34,974,'2024-01-18',NULL),(18,36,36,844,'2023-11-16',NULL),(19,38,38,56,'2023-07-10','2023-08-15'),(20,40,40,887,'2023-12-12',NULL),(21,42,42,280,'2023-07-25','2025-02-05'),(22,44,44,30,'2023-06-29','2023-06-06'),(23,46,46,482,'2023-06-20','2024-03-18'),(24,48,48,723,'2023-01-19',NULL),(25,50,50,355,'2023-04-07','2024-11-20'),(26,52,52,929,'2024-01-09',NULL),(27,54,54,603,'2024-04-13',NULL),(28,56,56,155,'2023-05-15','2023-07-15'),(29,58,58,90,'2023-11-24','2024-01-23'),(30,60,60,393,'2024-04-18','2024-06-20'),(31,62,62,251,'2024-01-15','2024-10-16'),(32,64,64,62,'2023-07-15','2024-01-01'),(33,66,66,352,'2023-01-31','2024-12-26'),(34,68,68,853,'2023-10-12',NULL),(35,70,70,942,'2023-09-09',NULL),(36,72,72,911,'2023-08-20',NULL),(37,74,74,402,'2023-07-14','2024-10-28'),(38,76,76,787,'2023-01-18',NULL),(39,78,78,982,'2024-02-13',NULL),(40,80,80,282,'2023-02-17','2024-02-17'),(41,82,82,134,'2023-08-27','2023-09-02'),(42,84,84,804,'2023-11-16',NULL),(43,86,86,907,'2023-02-15',NULL),(44,88,88,701,'2023-05-25',NULL),(45,90,90,106,'2024-02-16','2024-08-13'),(46,92,92,500,'2023-10-25','2025-03-20'),(47,94,94,895,'2023-02-28',NULL),(48,96,96,432,'2023-11-15','2025-05-21'),(49,98,98,987,'2023-01-15',NULL),(50,100,100,626,'2024-02-27',NULL),(51,102,102,132,'2024-01-08','2024-06-14'),(52,104,104,351,'2023-06-18','2024-10-20'),(53,106,106,357,'2023-04-19','2024-10-02'),(54,108,108,431,'2024-01-15','2023-06-06'),(55,110,110,302,'2023-07-16','2024-01-27'),(56,112,112,559,'2023-02-11',NULL),(57,114,114,144,'2024-04-04','2024-08-30'),(58,116,116,140,'2023-09-30','2024-09-24'),(59,118,118,444,'2024-05-16','2024-06-05'),(60,120,120,497,'2023-09-09','2024-10-11'),(61,122,122,322,'2024-01-10','2024-11-15'),(62,124,124,19,'2024-02-26','2024-05-15'),(63,126,126,721,'2023-12-16',NULL),(64,128,128,481,'2024-04-10','2024-01-23'),(65,130,130,367,'2023-12-01','2024-03-09'),(66,132,132,299,'2023-12-24','2023-11-22'),(67,134,134,458,'2024-02-15','2024-07-16'),(68,136,136,367,'2023-05-17','2023-12-07'),(69,138,138,869,'2023-12-27',NULL),(70,140,140,61,'2023-07-19','2024-04-13'),(71,142,142,283,'2023-10-29','2023-05-31'),(72,144,144,481,'2023-02-04','2023-06-12'),(73,146,146,565,'2023-05-31',NULL),(74,148,148,963,'2023-12-28',NULL),(75,150,150,113,'2023-11-23','2024-10-29'),(76,152,152,553,'2024-02-03',NULL),(77,154,154,162,'2023-02-17','2025-05-12'),(78,156,156,806,'2023-05-30',NULL),(79,158,158,340,'2023-05-10','2024-10-02'),(80,160,160,945,'2024-05-02',NULL),(81,162,162,703,'2023-02-21',NULL),(82,164,164,179,'2023-08-12','2023-12-03'),(83,166,166,771,'2023-01-14',NULL),(84,168,168,547,'2023-03-15',NULL),(85,170,170,476,'2023-10-17','2024-10-08'),(86,172,172,47,'2024-02-06','2023-05-26'),(87,174,174,222,'2023-08-18','2024-03-16'),(88,176,176,72,'2023-06-01','2025-04-17'),(89,178,178,582,'2023-07-28',NULL),(90,180,180,424,'2024-05-03','2025-03-03'),(91,182,182,231,'2023-11-04','2024-01-29'),(92,184,184,889,'2024-04-19',NULL),(93,186,186,546,'2023-07-14',NULL),(94,188,188,939,'2023-12-18',NULL),(95,190,190,810,'2024-01-23',NULL),(96,192,192,998,'2023-08-15',NULL),(97,194,194,273,'2024-03-23','2023-07-09'),(98,196,196,214,'2024-02-23','2025-01-09'),(99,198,198,800,'2023-12-23',NULL),(100,200,200,781,'2023-01-14',NULL),(101,202,202,986,'2024-01-08',NULL),(102,204,204,951,'2023-07-24',NULL),(103,206,206,480,'2023-05-04','2024-09-20'),(104,208,208,978,'2023-08-09',NULL),(105,210,210,115,'2024-01-08','2025-04-16'),(106,212,212,916,'2023-12-15',NULL),(107,214,214,556,'2024-02-26',NULL),(108,216,216,14,'2023-04-04','2025-04-04'),(109,218,218,43,'2023-01-29','2023-07-20'),(110,220,220,234,'2023-01-30','2025-03-17'),(111,222,222,850,'2024-03-08',NULL),(112,224,224,628,'2024-04-04',NULL),(113,226,226,833,'2024-02-07',NULL),(114,228,228,131,'2023-05-03','2024-02-22'),(115,230,230,275,'2024-05-10','2023-07-18'),(116,232,232,72,'2023-03-06','2024-10-17'),(117,234,234,713,'2023-10-08',NULL),(118,236,236,347,'2023-08-23','2023-10-29'),(119,238,238,55,'2023-08-30','2024-07-26'),(120,240,240,827,'2024-05-03',NULL),(121,242,242,223,'2023-11-12','2023-09-28'),(122,244,244,469,'2023-11-03','2024-02-13'),(123,246,246,810,'2023-07-21',NULL),(124,248,248,199,'2023-12-04','2025-03-07'),(125,250,250,909,'2024-05-13',NULL),(126,252,252,148,'2023-01-03','2023-06-11'),(127,254,254,571,'2024-05-12',NULL),(128,256,256,73,'2023-01-20','2025-04-28'),(129,258,258,594,'2023-09-11',NULL),(130,260,260,279,'2023-04-10','2024-08-12'),(131,262,262,29,'2024-01-25','2024-11-12'),(132,264,264,938,'2024-02-09',NULL),(133,266,266,300,'2024-03-21','2023-11-27'),(134,268,268,948,'2023-10-01',NULL),(135,270,270,508,'2023-07-17',NULL),(136,272,272,780,'2024-05-08',NULL),(137,274,274,692,'2023-05-17',NULL),(138,276,276,368,'2023-10-28','2025-01-01'),(139,278,278,660,'2024-04-07',NULL),(140,280,280,907,'2023-02-12',NULL);
/*!40000 ALTER TABLE `PRESTAMOS` ENABLE KEYS */;
UNLOCK TABLES;
/*!50003 SET @saved_cs_client      = @@character_set_client */ ;
/*!50003 SET @saved_cs_results     = @@character_set_results */ ;
/*!50003 SET @saved_col_connection = @@collation_connection */ ;
/*!50003 SET character_set_client  = latin1 */ ;
/*!50003 SET character_set_results = latin1 */ ;
/*!50003 SET collation_connection  = latin1_swedish_ci */ ;
/*!50003 SET @saved_sql_mode       = @@sql_mode */ ;
/*!50003 SET sql_mode              = 'ONLY_FULL_GROUP_BY,STRICT_TRANS_TABLES,NO_ZERO_IN_DATE,NO_ZERO_DATE,ERROR_FOR_DIVISION_BY_ZERO,NO_ENGINE_SUBSTITUTION' */ ;
DELIMITER ;;
/*!50003 CREATE*/ /*!50017 DEFINER=`root`@`localhost`*/ /*!50003 TRIGGER `disponibilidad_libro` BEFORE INSERT ON `PRESTAMOS` FOR EACH ROW BEGIN
    DECLARE contador INT;
    
    -- Verificar si el ejemplar del libro ya est prestado
    SELECT COUNT(*)
    INTO contador
    FROM PRESTAMOS
    WHERE ID_LIBRO = NEW.ID_LIBRO
    AND ID_EJEMPLAR = NEW.ID_EJEMPLAR
    AND FECHA_DEVUELTO IS NULL;

    IF contador > 0 THEN
        SIGNAL SQLSTATE '45000'
        SET MESSAGE_TEXT = 'El ejemplar del libro ya est prestado.';
    END IF;
END */;;
DELIMITER ;
/*!50003 SET sql_mode              = @saved_sql_mode */ ;
/*!50003 SET character_set_client  = @saved_cs_client */ ;
/*!50003 SET character_set_results = @saved_cs_results */ ;
/*!50003 SET collation_connection  = @saved_col_connection */ ;
/*!50003 SET @saved_cs_client      = @@character_set_client */ ;
/*!50003 SET @saved_cs_results     = @@character_set_results */ ;
/*!50003 SET @saved_col_connection = @@collation_connection */ ;
/*!50003 SET character_set_client  = latin1 */ ;
/*!50003 SET character_set_results = latin1 */ ;
/*!50003 SET collation_connection  = latin1_swedish_ci */ ;
/*!50003 SET @saved_sql_mode       = @@sql_mode */ ;
/*!50003 SET sql_mode              = 'ONLY_FULL_GROUP_BY,STRICT_TRANS_TABLES,NO_ZERO_IN_DATE,NO_ZERO_DATE,ERROR_FOR_DIVISION_BY_ZERO,NO_ENGINE_SUBSTITUTION' */ ;
DELIMITER ;;
/*!50003 CREATE*/ /*!50017 DEFINER=`root`@`localhost`*/ /*!50003 TRIGGER `evitar_eliminar_prestamo` BEFORE DELETE ON `PRESTAMOS` FOR EACH ROW BEGIN
    DECLARE contador INT;
    
    -- Verificar si el libro est prestado
    SELECT COUNT(*)
    INTO contador
    FROM PRESTAMOS
    WHERE ID_LIBRO = OLD.ID_LIBRO
    AND ID_EJEMPLAR = OLD.ID_EJEMPLAR
    AND FECHA_DEVUELTO IS NULL;
    
    IF contador > 0 THEN
        SIGNAL SQLSTATE '45000'
        SET MESSAGE_TEXT = 'No se puede eliminar este registro de prstamo porque el libro est prestado.';
    END IF;
END */;;
DELIMITER ;
/*!50003 SET sql_mode              = @saved_sql_mode */ ;
/*!50003 SET character_set_client  = @saved_cs_client */ ;
/*!50003 SET character_set_results = @saved_cs_results */ ;
/*!50003 SET collation_connection  = @saved_col_connection */ ;

--
-- Table structure for table `USUARIOS`
--

DROP TABLE IF EXISTS `USUARIOS`;
/*!40101 SET @saved_cs_client     = @@character_set_client */;
/*!50503 SET character_set_client = utf8mb4 */;
CREATE TABLE `USUARIOS` (
  `ID_USUARIO` int NOT NULL AUTO_INCREMENT,
  `NOMBRE` varchar(100) NOT NULL,
  `CORREO` varchar(100) NOT NULL,
  `TELEFONO` varchar(14) DEFAULT NULL,
  PRIMARY KEY (`ID_USUARIO`)
) ENGINE=InnoDB AUTO_INCREMENT=1001 DEFAULT CHARSET=utf8mb4 COLLATE=utf8mb4_0900_ai_ci;
/*!40101 SET character_set_client = @saved_cs_client */;

--
-- Dumping data for table `USUARIOS`
--

LOCK TABLES `USUARIOS` WRITE;
/*!40000 ALTER TABLE `USUARIOS` DISABLE KEYS */;
INSERT INTO `USUARIOS` VALUES (1,'Deanna Daniel','vivamus.non@yahoo.edu','1-138-882-7962'),(2,'Ulric Banks','ultrices.mauris@aol.com','1-832-984-5948'),(3,'Bryar Terrell','dui.nec@hotmail.net','1-591-752-7559'),(4,'Iliana Griffin','volutpat.nulla@protonmail.couk','1-728-235-6717'),(5,'Quin Lindsay','natoque.penatibus.et@aol.com','1-617-279-4323'),(6,'Kaitlin Newman','in.faucibus.morbi@google.ca','1-557-456-5777'),(7,'Aiko Mcbride','mauris.erat.eget@hotmail.net','1-221-648-8125'),(8,'Melanie Carney','lectus.pede@outlook.com','1-574-528-6878'),(9,'Thane Holder','lectus.justo.eu@aol.org','1-395-357-1890'),(10,'Hanna Stevens','rhoncus.id.mollis@protonmail.com','1-763-646-4624'),(11,'Aline Singleton','nunc.id.enim@outlook.edu','1-812-331-1539'),(12,'Hadassah Conley','magnis.dis@protonmail.ca','1-156-285-6576'),(13,'Hedley Strong','risus.quisque@yahoo.net','1-970-548-7387'),(14,'Dylan Fulton','interdum@hotmail.com','1-542-277-9619'),(15,'Iliana Mcbride','libero@outlook.com','1-341-280-7732'),(16,'Cruz Irwin','consectetuer@aol.couk','1-350-673-9407'),(17,'Cleo Barker','erat.vivamus@google.com','1-564-324-4375'),(18,'Oscar Rush','praesent.interdum@hotmail.ca','1-985-460-2332'),(19,'Joy Herring','etiam.gravida@outlook.couk','1-445-158-2017'),(20,'Hadley Pittman','ligula@aol.ca','1-713-611-0208'),(21,'Haley Pate','pede.nunc@google.edu','1-754-871-8623'),(22,'Jemima Duke','donec@hotmail.couk','1-290-971-3013'),(23,'Iris Pace','nibh.donec.est@outlook.couk','1-353-316-2313'),(24,'Amity Mercado','vel.sapien.imperdiet@google.edu','1-776-653-1842'),(25,'Donovan Wolfe','vel@google.org','1-730-622-9148'),(26,'Jordan Whitley','mauris@icloud.ca','1-321-264-6238'),(27,'Diana Valdez','quam.vel.sapien@yahoo.edu','1-113-619-7642'),(28,'Chelsea Mathews','dignissim.maecenas.ornare@icloud.org','1-430-771-3666'),(29,'Tanner Gallagher','justo@protonmail.ca','1-763-321-5289'),(30,'Tamara Petty','cum.sociis@protonmail.com','1-672-667-7216'),(31,'Sawyer Fisher','nisl.quisque@outlook.com','1-814-667-5345'),(32,'Thaddeus Harrell','interdum.curabitur@google.couk','1-753-486-7045'),(33,'Xander Monroe','in.mi@icloud.couk','1-919-631-3567'),(34,'Moses Irwin','amet.luctus@hotmail.net','1-878-304-5686'),(35,'Kaseem Monroe','non.sapien@yahoo.ca','1-549-836-0531'),(36,'Kelly Good','dis.parturient@yahoo.org','1-317-586-4534'),(37,'Ronan Avila','ut.cursus@yahoo.org','1-452-417-8316'),(38,'Kaitlin Turner','a.feugiat.tellus@hotmail.ca','1-683-324-8521'),(39,'Arthur Peterson','odio.vel@hotmail.couk','1-324-274-7646'),(40,'Nerea Knight','ut.nulla@google.org','1-646-746-7711'),(41,'Jaden Rosa','mattis@protonmail.com','1-565-213-3451'),(42,'Alana Walton','sagittis.nullam@outlook.edu','1-906-431-5469'),(43,'Demetrius Woodard','eleifend.nunc.risus@aol.couk','1-948-241-7215'),(44,'Dolan Black','nibh@yahoo.couk','1-387-444-8935'),(45,'Jena English','donec.egestas@yahoo.org','1-111-776-0486'),(46,'Erica Olsen','maecenas.mi@protonmail.net','1-482-249-3371'),(47,'Lois Alvarez','convallis.ante.lectus@icloud.edu','1-483-511-1033'),(48,'Timothy Burke','libero.at@yahoo.org','1-611-533-5310'),(49,'Berk Gentry','ultrices.vivamus@hotmail.org','1-367-850-3794'),(50,'Brynn Johns','accumsan.convallis@hotmail.ca','1-977-475-4949'),(51,'Virginia Erickson','fermentum.fermentum.arcu@icloud.edu','1-101-421-6132'),(52,'Ulric Conley','massa.mauris@yahoo.net','1-850-100-5759'),(53,'Odessa Santana','ipsum.porta.elit@google.edu','1-677-816-3537'),(54,'Jesse Brennan','orci@protonmail.edu','1-865-985-2572'),(55,'Russell Leonard','quis.accumsan@protonmail.couk','1-666-695-1503'),(56,'Leigh Bray','ut.dolor@protonmail.couk','1-755-647-4676'),(57,'Derek Sloan','mauris.magna@icloud.com','1-217-362-5015'),(58,'Maryam Burris','erat@yahoo.com','1-695-683-8727'),(59,'Alfreda Blevins','nulla.magna@google.com','1-316-274-1253'),(60,'Perry Mcgowan','neque.vitae@yahoo.net','1-553-914-0636'),(61,'Talon Ayers','pharetra.nam@aol.com','1-756-737-5562'),(62,'Melissa Bailey','primis.in@outlook.couk','1-546-325-9126'),(63,'Chester Mccall','odio@aol.net','1-444-784-0631'),(64,'Hu Morton','lorem.lorem.luctus@outlook.com','1-444-442-2828'),(65,'Indigo Winters','ac.turpis@yahoo.com','1-332-486-3713'),(66,'Bertha Bender','sed@icloud.edu','1-747-956-7272'),(67,'Madison Munoz','rhoncus.id.mollis@aol.com','1-384-338-7828'),(68,'Griffith Bright','fringilla.euismod.enim@protonmail.org','1-385-546-5774'),(69,'Xaviera Stuart','ut.pellentesque.eget@hotmail.net','1-262-212-3575'),(70,'Reese Lindsey','quam.quis@aol.org','1-636-234-1255'),(71,'Jessamine Patel','dui.in@google.ca','1-353-784-8894'),(72,'Mari Hood','etiam@google.ca','1-764-513-9730'),(73,'Urielle Jenkins','auctor.nunc.nulla@aol.couk','1-563-836-8373'),(74,'Drew Rosa','aliquam.vulputate@google.edu','1-849-532-6063'),(75,'Justin Joyce','risus.donec.nibh@hotmail.ca','1-613-184-3958'),(76,'Curran Sherman','sed.dui@outlook.org','1-490-552-2226'),(77,'Hannah Mcknight','convallis.ligula@icloud.com','1-449-881-8288'),(78,'Galvin Nieves','vitae.semper@yahoo.net','1-746-429-2551'),(79,'Rogan Duran','lobortis.quis@google.net','1-287-445-1885'),(80,'Chanda Hodges','nibh.donec.est@yahoo.net','1-763-142-7854'),(81,'Thomas Buchanan','in.magna@protonmail.edu','1-445-813-5364'),(82,'Ruby Lewis','phasellus@hotmail.com','1-734-686-2236'),(83,'Xenos Pena','enim.commodo@google.ca','1-307-817-0630'),(84,'Candice Petty','enim@icloud.com','1-436-671-1273'),(85,'Honorato Avila','fusce@outlook.edu','1-452-177-1606'),(86,'Bert Huffman','justo.nec@outlook.com','1-243-712-6189'),(87,'Dacey Head','facilisis.facilisis@yahoo.org','1-428-927-4366'),(88,'Kato Burch','donec@google.com','1-215-434-8827'),(89,'Emi David','sed.dictum@outlook.com','1-497-784-3388'),(90,'Rana Garza','velit.in.aliquet@protonmail.ca','1-355-154-5428'),(91,'Francesca Harris','parturient.montes.nascetur@aol.ca','1-489-563-2255'),(92,'Linus Scott','aliquet.metus@outlook.org','1-948-394-1414'),(93,'Nerea White','dis.parturient@google.edu','1-436-963-4785'),(94,'Kristen Byers','mollis.integer@icloud.ca','1-214-398-1151'),(95,'Guinevere Keith','diam.proin.dolor@hotmail.org','1-320-354-2860'),(96,'Dean Lloyd','lacus.quisque@icloud.net','1-902-311-3645'),(97,'Mikayla Anderson','vestibulum.massa@protonmail.org','1-867-389-2030'),(98,'Destiny Dawson','mauris@google.edu','1-202-713-7153'),(99,'Alexander Anderson','dapibus.rutrum@outlook.com','1-567-776-6880'),(100,'Reuben Hancock','praesent.eu@google.edu','1-756-795-4611'),(101,'Portia Cortez','eu.tellus.eu@aol.net','1-542-476-1867'),(102,'Dennis Herman','tellus.justo@icloud.com','1-183-550-2485'),(103,'Glenna Raymond','luctus.et.ultrices@yahoo.net','1-244-637-2251'),(104,'Louis Schneider','magna@protonmail.com','1-257-866-9424'),(105,'Vladimir Freeman','inceptos.hymenaeos@protonmail.couk','1-312-746-4427'),(106,'Kameko Spears','metus.in@hotmail.ca','1-513-252-1318'),(107,'Tarik Johnston','dui.suspendisse.ac@hotmail.couk','1-561-546-2093'),(108,'Elaine Richmond','integer@google.ca','1-696-432-6326'),(109,'Halla Zimmerman','placerat.velit@protonmail.com','1-386-860-3318'),(110,'Brittany Knight','ac@icloud.com','1-275-719-0731'),(111,'Amal Chaney','laoreet.posuere@aol.couk','1-632-818-3142'),(112,'Barry Clarke','est@hotmail.net','1-482-644-8931'),(113,'Wanda O\'Neill','in@aol.com','1-706-467-8304'),(114,'Adrienne Tyler','sodales@hotmail.net','1-435-257-2783'),(115,'Sage Simpson','ante.lectus.convallis@google.net','1-884-424-7033'),(116,'Merritt Franklin','dictum.phasellus.in@google.ca','1-255-757-7076'),(117,'Jamal Stevenson','neque.venenatis.lacus@hotmail.ca','1-395-486-6282'),(118,'Angela Diaz','vulputate@hotmail.edu','1-276-625-6871'),(119,'Oprah Morse','ante.blandit@hotmail.ca','1-374-853-8254'),(120,'Quyn Spears','at.fringilla@aol.com','1-581-343-0884'),(121,'Carolyn Short','mi@outlook.org','1-243-146-1428'),(122,'Jakeem Franco','id.erat.etiam@hotmail.edu','1-276-618-2229'),(123,'Lillian Dotson','est@google.ca','1-305-757-6444'),(124,'Ryan Newton','ac@aol.net','1-448-426-8234'),(125,'Kenyon Robinson','lorem@yahoo.com','1-702-435-4642'),(126,'Sandra Nguyen','quis@yahoo.couk','1-262-214-4165'),(127,'Aaron Gilbert','ornare@google.edu','1-923-342-8784'),(128,'Arsenio Chan','erat@outlook.com','1-640-658-5123'),(129,'Zane Wooten','in.lorem@icloud.org','1-721-364-4788'),(130,'Yuli Hodge','lacus.etiam@aol.edu','1-818-529-2724'),(131,'Giselle Huffman','odio.semper.cursus@protonmail.ca','1-613-741-3928'),(132,'Hanna Pearson','sociosqu.ad.litora@aol.org','1-657-586-5031'),(133,'Caleb Parrish','volutpat@icloud.com','1-466-836-7664'),(134,'Elizabeth Dickerson','donec.egestas.aliquam@aol.ca','1-912-543-8406'),(135,'Rosalyn Swanson','lorem.donec@icloud.couk','1-743-855-1682'),(136,'Yen Guthrie','nec.ante@yahoo.ca','1-259-246-2372'),(137,'Gillian Shaw','rhoncus@google.couk','1-834-730-5588'),(138,'Inga Mccarty','nullam@protonmail.org','1-813-534-1609'),(139,'Tanner Clemons','malesuada.integer.id@google.edu','1-436-712-4994'),(140,'Cade Mejia','tempus.scelerisque@icloud.edu','1-226-542-4036'),(141,'Kylan Knapp','nonummy.ut@protonmail.edu','1-827-577-7256'),(142,'Kyla Price','at.lacus@hotmail.ca','1-885-283-2930'),(143,'Imani Heath','dictum.magna@aol.couk','1-270-818-4537'),(144,'Colleen Parker','nec.orci.donec@google.com','1-482-522-4844'),(145,'Imelda Serrano','arcu.iaculis@hotmail.ca','1-444-661-1439'),(146,'Velma Albert','rhoncus.donec.est@hotmail.ca','1-561-615-1296'),(147,'Lana Cohen','hendrerit.donec@outlook.net','1-291-181-0145'),(148,'Erich Sweet','sociis.natoque@hotmail.com','1-690-541-2444'),(149,'Norman Price','quam.dignissim@protonmail.com','1-187-441-2254'),(150,'Quyn Vazquez','mauris@yahoo.couk','1-436-927-8196'),(151,'Giselle Romero','parturient.montes.nascetur@protonmail.org','1-663-285-0314'),(152,'Renee Ferrell','tempus.non@aol.couk','1-214-484-2177'),(153,'Jemima Summers','eu.arcu@hotmail.org','1-407-585-1453'),(154,'Joelle Howard','tortor@protonmail.couk','1-657-173-2522'),(155,'Elijah Montoya','fames@aol.couk','1-441-329-0672'),(156,'Trevor Kidd','elit@hotmail.com','1-780-267-3129'),(157,'Vladimir Walsh','vel@outlook.couk','1-416-472-1246'),(158,'Whoopi Moses','risus.odio@hotmail.edu','1-346-210-5662'),(159,'Desiree Mcleod','orci.luctus@aol.ca','1-172-841-4612'),(160,'Shellie Preston','malesuada.integer@aol.couk','1-883-674-1226'),(161,'Gary Shepard','nunc.risus.varius@hotmail.couk','1-621-502-0452'),(162,'Bevis Middleton','nulla.dignissim@hotmail.net','1-511-455-7152'),(163,'Elton Dejesus','sed@outlook.com','1-588-567-1084'),(164,'Miriam Davis','gravida@hotmail.com','1-922-736-6464'),(165,'Emma Le','vel.convallis.in@icloud.com','1-525-741-3814'),(166,'Price Boyle','sit@protonmail.net','1-433-267-5477'),(167,'Noble Deleon','cras.eu@icloud.ca','1-466-381-4844'),(168,'Fitzgerald House','facilisis@aol.couk','1-582-844-3531'),(169,'Maggy Carney','lorem.lorem.luctus@google.net','1-252-284-5835'),(170,'Aurelia West','risus.varius@google.org','1-737-308-7323'),(171,'Ishmael Holder','hymenaeos.mauris@icloud.net','1-633-835-3195'),(172,'Priscilla Rush','dolor.sit.amet@icloud.couk','1-114-628-1459'),(173,'Tamara Alexander','scelerisque.mollis@aol.com','1-414-866-7345'),(174,'Britanni Gregory','turpis.egestas.aliquam@hotmail.couk','1-742-985-0956'),(175,'Quinlan Frazier','lorem.sit@google.net','1-511-537-3217'),(176,'Keaton Calderon','lacus.ut.nec@outlook.net','1-963-689-0237'),(177,'Dale Morales','dui.lectus@protonmail.com','1-585-961-5966'),(178,'Driscoll Charles','risus.a.ultricies@yahoo.com','1-329-159-3282'),(179,'Stuart Lynch','leo.cras@google.edu','1-314-279-6922'),(180,'Lila Carter','nec@google.ca','1-122-930-2271'),(181,'Bertha Hayden','aliquam@yahoo.ca','1-781-369-4553'),(182,'Keith Kline','mollis.vitae@aol.org','1-322-465-8428'),(183,'Anjolie Frye','lobortis.risus.in@yahoo.couk','1-804-866-1273'),(184,'Isabella Watkins','in.consequat@hotmail.ca','1-467-784-7344'),(185,'Isabella Mcmahon','libero.et.tristique@google.org','1-686-318-4430'),(186,'Kaye Alexander','phasellus@hotmail.com','1-661-232-2101'),(187,'Nina Leblanc','ornare.egestas@protonmail.org','1-605-512-8152'),(188,'Dana Valentine','phasellus.vitae@aol.couk','1-885-170-0687'),(189,'Alfreda Reed','venenatis@protonmail.com','1-747-385-5498'),(190,'Thane West','convallis@icloud.couk','1-444-838-9387'),(191,'Quin Hammond','nibh.dolor.nonummy@hotmail.com','1-246-662-9415'),(192,'Francesca Booker','commodo.tincidunt.nibh@icloud.net','1-577-525-5574'),(193,'Orson Sweet','habitant.morbi@hotmail.com','1-214-633-8676'),(194,'Cadman Alexander','facilisi.sed@google.edu','1-744-225-5339'),(195,'Hillary Gates','molestie.arcu.sed@google.org','1-976-128-6687'),(196,'Orla Griffin','amet@hotmail.couk','1-277-878-5370'),(197,'Vivien Miranda','ultrices.iaculis@yahoo.edu','1-783-245-7425'),(198,'Nehru Branch','quisque.purus.sapien@aol.couk','1-251-378-2056'),(199,'Kaseem Keller','augue.eu@yahoo.ca','1-270-438-8766'),(200,'Alan Beasley','elementum@outlook.net','1-780-478-4216'),(201,'Dillon Blankenship','vestibulum.lorem@yahoo.net','1-713-162-2952'),(202,'Kevin Carney','fusce.mi@icloud.edu','1-615-690-7629'),(203,'Lucius Bush','euismod.est.arcu@icloud.com','1-496-645-5817'),(204,'Carter Best','ipsum@outlook.edu','1-328-385-2799'),(205,'India Calderon','ornare.fusce@google.ca','1-841-456-6706'),(206,'Erica Hogan','in.magna@hotmail.couk','1-361-135-7315'),(207,'Leroy Huff','in.lobortis@outlook.ca','1-471-214-1677'),(208,'Magee England','tempor@outlook.com','1-116-351-7867'),(209,'Laurel Goodwin','curae.phasellus@google.couk','1-689-659-4154'),(210,'Chaney Terry','metus@protonmail.couk','1-583-922-7939'),(211,'Rebecca Hyde','nec.euismod@icloud.org','1-776-824-6987'),(212,'Calista Mcclain','mauris.suspendisse.aliquet@protonmail.couk','1-816-831-7632'),(213,'Gemma Farmer','mi.lacinia@icloud.edu','1-260-533-0422'),(214,'Lunea Byrd','ut.dolor.dapibus@hotmail.edu','1-643-367-8258'),(215,'Norman Johnston','cursus@google.couk','1-715-450-6740'),(216,'Cameron Puckett','ultricies.sem.magna@yahoo.couk','1-613-661-5443'),(217,'Heather Calhoun','varius@icloud.couk','1-246-411-8864'),(218,'Joy Fowler','nunc.commodo@outlook.edu','1-603-660-1841'),(219,'Wang Perkins','sed.est@hotmail.ca','1-780-402-6766'),(220,'Jameson Banks','gravida.sagittis@protonmail.com','1-707-315-7147'),(221,'Graham Riddle','enim@aol.net','1-362-581-2942'),(222,'Baxter Knowles','at.pede@aol.com','1-803-434-5203'),(223,'Dana Holt','velit.cras.lorem@outlook.org','1-144-358-2443'),(224,'Serina Slater','mauris.a@protonmail.org','1-117-596-1751'),(225,'Ezekiel Sandoval','nulla.tempor@hotmail.edu','1-920-214-1155'),(226,'Summer Serrano','lorem@protonmail.ca','1-105-822-6424'),(227,'Ariel May','gravida.sagittis@yahoo.couk','1-882-952-8551'),(228,'Claudia Hart','dui@google.net','1-352-366-8504'),(229,'Iliana Fisher','eu.nulla.at@google.net','1-411-713-8144'),(230,'Hiram Fleming','consectetuer@hotmail.couk','1-805-521-4857'),(231,'Oleg Rodriquez','purus@hotmail.com','1-442-177-8032'),(232,'Myra Bonner','sed.tortor.integer@hotmail.ca','1-866-715-0966'),(233,'Uriah Craig','etiam.bibendum@google.org','1-812-306-7334'),(234,'Yetta Aguirre','et.netus.et@hotmail.com','1-146-698-3362'),(235,'Kuame Burch','non@icloud.ca','1-711-481-2761'),(236,'Adrienne Johnston','integer@google.couk','1-594-264-0421'),(237,'Thor Sharpe','vulputate.eu@icloud.net','1-812-267-1756'),(238,'Blythe Michael','luctus@aol.edu','1-342-271-3130'),(239,'Chelsea Conrad','sem.semper@hotmail.ca','1-236-137-3717'),(240,'Oren Calderon','massa.non.ante@outlook.edu','1-175-688-2355'),(241,'Flynn Reed','justo.praesent@protonmail.com','1-135-847-6733'),(242,'Guinevere Finley','metus.aenean@icloud.edu','1-126-643-8614'),(243,'Zenaida Phelps','eget@yahoo.net','1-782-837-9193'),(244,'Sylvia Howe','nec.quam@google.couk','1-760-281-6375'),(245,'Josephine Mcdaniel','nunc.sed@yahoo.org','1-252-512-6872'),(246,'Jerome Berry','ac.facilisis@hotmail.org','1-651-710-1244'),(247,'Boris Sears','dolor@yahoo.com','1-843-551-6178'),(248,'Neil Sanchez','aenean.massa.integer@hotmail.com','1-744-457-1261'),(249,'Stewart Gill','eu.ligula@aol.edu','1-602-457-8303'),(250,'Jael Kerr','convallis@protonmail.com','1-887-539-6773'),(251,'Maxine Figueroa','lectus.sit@outlook.ca','1-251-361-5866'),(252,'Isaac Marshall','scelerisque.sed.sapien@yahoo.couk','1-746-209-7360'),(253,'Nadine Brock','cras.eget.nisi@outlook.edu','1-272-267-2016'),(254,'Beau Rich','sed@icloud.ca','1-413-288-7735'),(255,'Brandon Swanson','eu.tellus@aol.couk','1-871-890-6908'),(256,'Ahmed Cotton','vitae.aliquam@hotmail.ca','1-343-361-4486'),(257,'Dexter Greene','convallis.ligula@hotmail.net','1-966-755-2360'),(258,'Lillith Hunter','est@icloud.com','1-211-221-7368'),(259,'Xenos Hutchinson','nunc.in@yahoo.org','1-641-598-1416'),(260,'Perry Mckee','eu.dui@hotmail.org','1-254-277-1677'),(261,'Charles Rosales','aliquet.phasellus.fermentum@icloud.com','1-676-295-2834'),(262,'McKenzie Paul','laoreet.lectus@google.ca','1-222-897-0838'),(263,'Marshall Sanders','ultrices.iaculis.odio@google.net','1-644-564-2318'),(264,'Rosalyn Schultz','commodo.auctor.velit@aol.com','1-548-336-7369'),(265,'Noelle Romero','volutpat@outlook.org','1-535-305-7682'),(266,'Jarrod Dickson','nibh.vulputate@hotmail.org','1-325-593-1184'),(267,'Macy Anderson','vestibulum.neque@icloud.com','1-831-701-5307'),(268,'Cassady Lyons','ultrices@protonmail.ca','1-357-537-4754'),(269,'Xander Elliott','odio@icloud.ca','1-383-285-7153'),(270,'Ahmed Carson','purus.sapien@icloud.couk','1-144-822-3144'),(271,'Emma Warner','pede@hotmail.net','1-365-985-5787'),(272,'Callie Jacobson','cras.pellentesque@protonmail.com','1-739-691-0717'),(273,'Noelani Perry','dolor.quam@protonmail.edu','1-889-634-7443'),(274,'Hedwig Joseph','aliquam.arcu@outlook.org','1-781-255-4035'),(275,'Raja Wells','imperdiet.non.vestibulum@outlook.edu','1-503-344-3915'),(276,'Wanda Cain','id@yahoo.ca','1-225-819-2820'),(277,'Olga James','nec.eleifend@google.com','1-320-370-3888'),(278,'Amelia Snow','ornare.facilisis@yahoo.edu','1-247-209-0218'),(279,'Freya Rosario','etiam@google.ca','1-646-431-3544'),(280,'Cleo Espinoza','sagittis.augue@google.org','1-683-611-0400'),(281,'Vance Zimmerman','aliquam.nec@yahoo.edu','1-455-354-6955'),(282,'Rosalyn Nash','amet.ornare.lectus@yahoo.couk','1-668-830-7765'),(283,'Victor Hart','tincidunt.dui.augue@yahoo.edu','1-589-600-8577'),(284,'Oscar Rush','ipsum.leo@icloud.com','1-955-575-5534'),(285,'Angelica Andrews','a.nunc@icloud.edu','1-786-938-6272'),(286,'Allistair Petty','sed.consequat.auctor@outlook.edu','1-655-400-7733'),(287,'Sydney Nichols','ipsum.suspendisse.non@protonmail.com','1-532-700-3051'),(288,'Alma Chase','aliquet.odio@aol.com','1-886-262-2208'),(289,'Blaze Carlson','tempus@protonmail.ca','1-397-834-3965'),(290,'Carol Buchanan','sagittis.lobortis@icloud.ca','1-856-410-8578'),(291,'Benjamin Buckner','nulla.aliquet@aol.ca','1-425-225-4559'),(292,'Ross Blevins','ullamcorper@aol.edu','1-616-834-6272'),(293,'Gregory Riggs','aliquet.phasellus@outlook.net','1-718-253-4201'),(294,'Conan Michael','adipiscing@aol.org','1-164-604-8356'),(295,'Justine Gross','vitae.erat@aol.ca','1-629-276-7765'),(296,'Rinah Holden','donec.porttitor@google.com','1-776-411-2484'),(297,'Buckminster Golden','gravida.molestie@outlook.ca','1-424-572-5832'),(298,'Autumn Haney','placerat.eget@aol.ca','1-343-535-2230'),(299,'Whoopi Short','quam.elementum@hotmail.ca','1-860-351-3117'),(300,'Xantha Graham','nibh.sit@outlook.edu','1-553-545-6454'),(301,'Naida Weeks','duis.a.mi@icloud.ca','1-148-358-8889'),(302,'Aphrodite Phillips','lacinia.orci@google.org','1-357-491-4345'),(303,'Elijah Rodriquez','mi.felis.adipiscing@google.net','1-184-843-1626'),(304,'Todd Cotton','nam.ac@icloud.couk','1-910-795-9653'),(305,'Haley Davidson','luctus.ipsum@protonmail.net','1-624-808-7759'),(306,'Hedwig Molina','tortor.integer.aliquam@google.org','1-758-247-5308'),(307,'Wynne Rodriguez','dictum.cursus.nunc@aol.couk','1-378-616-5031'),(308,'Uta Clayton','aliquam@aol.com','1-523-320-7732'),(309,'Herrod Phillips','leo.morbi.neque@aol.org','1-888-186-3938'),(310,'Cynthia Padilla','est.nunc.laoreet@icloud.edu','1-593-891-6732'),(311,'Sawyer Sawyer','quam.dignissim@icloud.couk','1-357-518-2591'),(312,'Autumn Mckinney','venenatis@yahoo.net','1-478-453-5875'),(313,'Indigo O\'brien','elit.etiam@aol.net','1-852-355-4683'),(314,'Iliana Lyons','nunc@hotmail.com','1-344-502-7334'),(315,'Lavinia Rojas','sit.amet.dapibus@protonmail.couk','1-663-833-7554'),(316,'Kirk Buck','pharetra.ut.pharetra@protonmail.ca','1-771-325-2278'),(317,'Quentin Boyle','malesuada.fringilla@google.couk','1-305-838-3555'),(318,'Hall Fernandez','semper.pretium@outlook.couk','1-986-726-5076'),(319,'Sawyer Riddle','curabitur.consequat@outlook.edu','1-828-471-8451'),(320,'Lawrence Lee','interdum@outlook.org','1-233-587-3127'),(321,'Herrod Guy','aliquam.vulputate@google.couk','1-666-824-2577'),(322,'Nina Schmidt','nulla.cras.eu@yahoo.ca','1-266-336-2368'),(323,'Octavius Ortega','vitae.sodales@aol.net','1-831-971-5467'),(324,'Ramona Wagner','scelerisque.neque@outlook.net','1-793-514-4265'),(325,'Ifeoma Blair','donec.est.mauris@icloud.net','1-381-239-3653'),(326,'Arden Jimenez','lacinia.sed.congue@aol.net','1-487-716-5376'),(327,'Deanna Ward','curabitur.sed.tortor@yahoo.ca','1-325-920-7227'),(328,'Marshall Daniels','fringilla.porttitor.vulputate@google.ca','1-302-513-3552'),(329,'Beverly Frank','vel.vulputate@aol.org','1-897-435-8581'),(330,'Erin Ramos','vitae.velit@hotmail.ca','1-447-236-1783'),(331,'Hedy Barrett','mauris.magna.duis@protonmail.edu','1-762-445-3536'),(332,'Tatum Odom','tincidunt@hotmail.edu','1-583-886-6233'),(333,'Dante Pittman','sagittis@hotmail.com','1-367-862-2647'),(334,'Pearl Valencia','elit.a@hotmail.ca','1-683-712-1444'),(335,'Rebecca Crane','nulla@protonmail.net','1-518-263-3858'),(336,'Quinlan Massey','auctor.mauris@outlook.com','1-285-742-3538'),(337,'Illiana Newman','gravida.molestie@yahoo.org','1-261-168-5190'),(338,'Dana Macias','duis.elementum.dui@aol.org','1-635-387-3513'),(339,'Emerson Gutierrez','lorem.donec.elementum@hotmail.couk','1-669-143-5884'),(340,'Camden Boyer','ad.litora.torquent@protonmail.org','1-461-622-5486'),(341,'Alexander Cole','congue@aol.org','1-652-788-4348'),(342,'Hayfa Golden','in.molestie@icloud.ca','1-955-667-7664'),(343,'Sasha Nash','dapibus@hotmail.org','1-783-338-2371'),(344,'Veda Roman','urna@icloud.ca','1-522-284-5632'),(345,'Anastasia Baxter','fermentum.risus@hotmail.com','1-615-275-3267'),(346,'Ignacia Navarro','vivamus.euismod.urna@hotmail.couk','1-463-757-1143'),(347,'Armando Gordon','malesuada.fames.ac@outlook.com','1-258-875-5402'),(348,'Rebecca Calderon','aliquam.ultrices.iaculis@yahoo.edu','1-511-120-2847'),(349,'Gillian Saunders','sed.eu@aol.ca','1-776-326-4427'),(350,'Owen Bright','ridiculus.mus@icloud.couk','1-586-646-0014'),(351,'Mira Jordan','et.magnis@yahoo.net','1-548-368-6674'),(352,'Catherine Dodson','suscipit.nonummy@hotmail.net','1-535-743-1947'),(353,'Dennis Robbins','iaculis@protonmail.edu','1-480-518-4196'),(354,'Bevis Hartman','mi.lacinia@hotmail.net','1-491-713-1070'),(355,'Zachary Rojas','molestie.dapibus@outlook.com','1-953-577-3288'),(356,'Vanna Vaughan','ac@yahoo.net','1-694-174-1642'),(357,'Cynthia Velazquez','fusce.mi@yahoo.edu','1-322-471-5704'),(358,'Yoshi Reynolds','odio@hotmail.com','1-388-861-2630'),(359,'Stewart Glover','dictum@protonmail.com','1-572-261-2167'),(360,'Candice Davenport','ullamcorper.magna.sed@outlook.ca','1-218-762-6624'),(361,'Zeus Simon','convallis@protonmail.net','1-444-743-3916'),(362,'Abraham Kemp','augue.scelerisque.mollis@aol.couk','1-492-363-8482'),(363,'Wynne Sloan','consectetuer@google.com','1-770-365-4262'),(364,'Robert Dunlap','donec.tincidunt.donec@icloud.couk','1-211-724-7150'),(365,'Reagan Ramos','pellentesque.tincidunt@yahoo.edu','1-151-854-4460'),(366,'Magee Rivera','nibh.vulputate@icloud.ca','1-165-251-9156'),(367,'Anjolie French','vestibulum@protonmail.net','1-869-732-5146'),(368,'Clinton Bolton','leo.vivamus@hotmail.ca','1-914-664-7773'),(369,'Regan Jones','per.inceptos@google.couk','1-453-747-2655'),(370,'Cassandra Mendez','mauris.elit@hotmail.net','1-164-463-7343'),(371,'Wallace Malone','tellus.aenean@hotmail.com','1-475-615-7958'),(372,'Natalie Morgan','cursus.diam@outlook.ca','1-920-364-0057'),(373,'Karly Bryant','libero@icloud.couk','1-908-484-6673'),(374,'Amber Strong','in.tempus.eu@icloud.org','1-241-468-8419'),(375,'Len Moon','lorem.ipsum@yahoo.ca','1-832-809-6855'),(376,'Gannon Travis','duis.cursus.diam@outlook.ca','1-671-243-6787'),(377,'Deborah Tanner','libero@yahoo.couk','1-874-558-6160'),(378,'Gloria Burton','dolor.elit.pellentesque@google.couk','1-472-839-6367'),(379,'Chantale Ortega','dolor@hotmail.edu','1-523-282-1401'),(380,'Luke Wynn','nec@protonmail.couk','1-632-741-4528'),(381,'Hyatt Hatfield','dignissim.lacus@google.edu','1-580-495-6586'),(382,'Eaton Bowen','congue.in@google.net','1-318-651-8864'),(383,'Eaton Orr','cursus.luctus@protonmail.com','1-380-557-5975'),(384,'Micah Jones','cum@protonmail.edu','1-727-744-1178'),(385,'Briar Roberts','mauris@google.com','1-982-412-2271'),(386,'Kyle Richardson','donec.luctus@outlook.edu','1-638-790-1431'),(387,'Marcia Mathis','tempus@protonmail.com','1-421-625-1643'),(388,'Laith Young','fusce.diam@protonmail.ca','1-930-522-7360'),(389,'Christian Reed','cras.lorem.lorem@yahoo.net','1-658-852-1245'),(390,'Miranda Cooley','libero.integer@yahoo.ca','1-335-155-8275'),(391,'Maggy Clay','vulputate@google.ca','1-606-506-6397'),(392,'Laurel Santos','amet.ante@icloud.ca','1-422-974-8662'),(393,'Dale Brooks','metus.vivamus.euismod@google.org','1-684-638-8343'),(394,'Paula Burch','placerat.eget.venenatis@aol.org','1-723-789-7546'),(395,'Ashton Robbins','a@google.com','1-594-783-6766'),(396,'Penelope Zamora','eu@hotmail.edu','1-764-462-3684'),(397,'Laurel Richardson','lorem@hotmail.ca','1-694-676-5640'),(398,'Dara Doyle','elit.sed.consequat@protonmail.couk','1-414-966-5330'),(399,'Ori Mcintosh','faucibus.orci@yahoo.net','1-357-975-2087'),(400,'Ira Black','eu.placerat@google.couk','1-851-632-2749'),(401,'Amy Mayo','pharetra.nibh.aliquam@icloud.org','1-266-317-4861'),(402,'Autumn Hendrix','aliquet@outlook.org','1-681-468-7788'),(403,'Travis Keith','a@google.couk','1-603-461-1667'),(404,'Scarlet Walter','vestibulum.ante.ipsum@outlook.com','1-664-645-1207'),(405,'Quinn Wall','semper@outlook.ca','1-465-907-6868'),(406,'Keith Keller','mi.aliquam@outlook.ca','1-218-807-4237'),(407,'Macaulay Boyd','non.leo@yahoo.org','1-467-668-4658'),(408,'Alvin Finley','scelerisque@protonmail.org','1-566-312-6387'),(409,'Paul Horton','tortor.nunc@yahoo.ca','1-675-428-9986'),(410,'India Wiley','neque.et.nunc@icloud.com','1-605-468-2585'),(411,'Oprah Woodward','quisque@protonmail.ca','1-230-978-6734'),(412,'Merritt Emerson','lobortis@protonmail.org','1-517-951-8888'),(413,'Chaney Leonard','tellus@yahoo.edu','1-814-611-0845'),(414,'Neve Olsen','egestas@google.org','1-597-872-6902'),(415,'Briar Whitfield','suscipit.est@google.com','1-277-544-9427'),(416,'Graiden Frank','cras.lorem@icloud.org','1-821-535-3227'),(417,'Barclay Greer','nulla.at.sem@outlook.edu','1-423-451-0862'),(418,'Miriam Blake','vitae.velit@outlook.org','1-233-313-6754'),(419,'Damon Young','lacus.mauris@outlook.org','1-534-274-2825'),(420,'Signe Ochoa','sociosqu.ad@aol.org','1-343-210-2572'),(421,'Bruno Erickson','cursus.in.hendrerit@aol.couk','1-853-272-6513'),(422,'Amela Oliver','venenatis.a@outlook.net','1-579-554-5600'),(423,'Samson Romero','justo.sit@aol.couk','1-339-713-2471'),(424,'Dustin Bean','magna.praesent@outlook.couk','1-515-350-7251'),(425,'Ursa Frye','a@yahoo.org','1-526-817-9238'),(426,'Quintessa Gardner','duis.sit@outlook.edu','1-552-232-7640'),(427,'Kalia Wolfe','magnis.dis@hotmail.org','1-752-527-1278'),(428,'Beau Harding','arcu.vivamus@aol.ca','1-765-369-4782'),(429,'Naida Chang','orci.lobortis.augue@aol.org','1-858-751-4804'),(430,'Venus Summers','vivamus.nibh.dolor@protonmail.couk','1-912-988-6266'),(431,'Axel Cohen','quam@icloud.com','1-283-592-6302'),(432,'Jared Forbes','ullamcorper@yahoo.ca','1-725-701-2588'),(433,'Felix Jennings','suspendisse.sagittis@hotmail.couk','1-451-709-5542'),(434,'Cailin Knight','cras@yahoo.com','1-573-512-8196'),(435,'Jelani Jacobson','tellus.faucibus@hotmail.edu','1-754-783-7882'),(436,'Zahir Sargent','tristique.ac@protonmail.ca','1-973-633-3835'),(437,'Raphael Gilmore','mus.proin@google.ca','1-365-823-6526'),(438,'Hall Pacheco','ultrices.a.auctor@hotmail.ca','1-410-250-4727'),(439,'Odessa Hubbard','odio.aliquam@google.edu','1-427-426-1754'),(440,'Silas Ashley','erat.vel@yahoo.com','1-432-762-7446'),(441,'Savannah Duran','praesent.eu@aol.ca','1-827-845-2097'),(442,'Kyla Whitehead','non.magna@icloud.couk','1-513-788-6283'),(443,'Kyla Trevino','dictum.mi@outlook.org','1-641-947-7830'),(444,'Maryam Parker','turpis.vitae.purus@yahoo.com','1-276-298-7211'),(445,'Jolene Terry','sociis.natoque@aol.ca','1-318-144-4516'),(446,'Kirby Frye','aliquam.nec@protonmail.com','1-127-736-9660'),(447,'Keith Koch','egestas.nunc@aol.ca','1-425-375-5644'),(448,'Maia Ball','et.magnis.dis@outlook.edu','1-587-466-1244'),(449,'Luke Turner','tincidunt.nunc.ac@icloud.net','1-650-821-2788'),(450,'Edward Vincent','purus.nullam.scelerisque@icloud.edu','1-451-778-6484'),(451,'Alexander Molina','urna@protonmail.ca','1-596-520-4037'),(452,'Nina Sherman','velit.pellentesque@outlook.edu','1-381-721-7503'),(453,'Wilma Velez','et.eros@icloud.com','1-621-841-1743'),(454,'Eliana Whitehead','integer.aliquam@google.net','1-953-863-3165'),(455,'Nomlanga Brooks','tortor.dictum@yahoo.couk','1-382-622-1467'),(456,'Yasir Lee','ultricies.dignissim@icloud.edu','1-794-731-5182'),(457,'Zenaida Payne','tempor.diam@protonmail.edu','1-742-702-6871'),(458,'Shana Guy','egestas.a@outlook.com','1-552-117-6756'),(459,'Clark Sutton','egestas@yahoo.couk','1-430-237-4061'),(460,'Daquan Steele','nec.metus@icloud.edu','1-296-468-3702'),(461,'Reuben Carroll','sed.eu.eros@outlook.edu','1-412-368-6130'),(462,'Mason Parsons','tempus.risus@google.couk','1-529-452-1315'),(463,'Hayes Giles','sed.facilisis.vitae@protonmail.net','1-673-950-2015'),(464,'Yetta Foster','lacinia.vitae.sodales@google.ca','1-528-231-5264'),(465,'Judah Castaneda','pede.cum.sociis@yahoo.com','1-472-418-8552'),(466,'Doris Tran','enim.consequat@yahoo.org','1-430-613-6627'),(467,'Basia Alvarado','tortor@protonmail.com','1-212-869-2616'),(468,'Anika Gilbert','dui.nec@yahoo.ca','1-194-755-3276'),(469,'Jermaine Maldonado','mauris.eu@protonmail.ca','1-770-668-8837'),(470,'Minerva Finch','sapien.imperdiet@hotmail.com','1-737-627-8484'),(471,'Fiona Hurley','phasellus@google.couk','1-458-601-8158'),(472,'Octavius Ewing','nunc@hotmail.ca','1-876-954-8091'),(473,'Wyatt Cote','nunc.mauris.sapien@protonmail.ca','1-852-781-7419'),(474,'Emery Cline','vestibulum.nec.euismod@hotmail.edu','1-678-746-1896'),(475,'Hayden Crosby','ut.lacus@aol.ca','1-275-438-3971'),(476,'Jaquelyn Holcomb','volutpat.nulla@protonmail.ca','1-466-444-1887'),(477,'Elmo Rose','faucibus.leo@protonmail.net','1-118-483-1854'),(478,'Xenos Dean','velit.cras.lorem@aol.com','1-268-513-5423'),(479,'Gage Boyd','libero.integer@protonmail.couk','1-545-764-1185'),(480,'Bryar Petersen','arcu@google.com','1-816-267-5746'),(481,'Cyrus Daugherty','donec.egestas@aol.ca','1-998-588-6975'),(482,'Calista Roberts','sed.neque@outlook.com','1-303-120-6432'),(483,'Cailin Griffin','ante@aol.net','1-291-967-1407'),(484,'Tashya Mcmillan','volutpat.nulla@hotmail.com','1-156-107-1752'),(485,'Nomlanga Howard','amet.risus@protonmail.net','1-242-917-1415'),(486,'Reese Chapman','tellus.id@protonmail.net','1-985-808-7565'),(487,'Xanthus Walton','suspendisse@outlook.com','1-881-704-9565'),(488,'Bree Fry','proin@aol.ca','1-861-504-2865'),(489,'Melinda Carpenter','ipsum.suspendisse@outlook.couk','1-595-279-6419'),(490,'Hope Petty','ante.dictum@google.com','1-751-775-3882'),(491,'Malcolm Hayes','morbi.tristique.senectus@yahoo.ca','1-661-746-4336'),(492,'Griffith Walter','arcu.sed@protonmail.org','1-692-761-3775'),(493,'Mia Dyer','arcu@yahoo.net','1-359-975-2576'),(494,'Nerea Woods','mi.tempor@aol.org','1-753-965-7751'),(495,'Ralph Fuentes','aliquam@icloud.net','1-946-624-0852'),(496,'Orla Mendez','non@google.net','1-398-585-7779'),(497,'Kirk Wilkinson','nulla.ante@protonmail.edu','1-688-491-8482'),(498,'Nasim Morse','primis@aol.net','1-829-435-1271'),(499,'Vanna Branch','nunc@aol.edu','1-234-518-5556'),(500,'Barbara Myers','metus@protonmail.couk','1-408-415-5377'),(501,'Xanthus Duke','xanthusduke7253@protonmail.net','1-470-426-2192'),(502,'Cameran Mercado','cameranmercado@google.couk','1-370-657-9415'),(503,'Uriah Yang','uriahyang@google.edu','1-664-716-8185'),(504,'Candace Salazar','candacesalazar@google.ca','1-385-524-1790'),(505,'Jason Joseph','jasonjoseph@outlook.com','1-147-665-0717'),(506,'Donna Cohen','donnacohen@yahoo.com','1-445-647-8511'),(507,'Irene Livingston','irenelivingston7186@icloud.edu','1-925-439-3733'),(508,'Nissim Patrick','nissimpatrick4065@aol.couk','1-724-292-5888'),(509,'Angela Pratt','angelapratt6921@google.com','1-543-616-0508'),(510,'Cally Beasley','callybeasley@hotmail.edu','1-402-764-3635'),(511,'Tamekah Andrews','tamekahandrews2528@yahoo.net','1-876-456-7785'),(512,'Ivory Fitzgerald','ivoryfitzgerald4702@hotmail.org','1-285-802-1367'),(513,'Callie Donovan','calliedonovan9984@outlook.org','1-847-215-3513'),(514,'Rhoda Galloway','rhodagalloway@outlook.couk','1-685-912-3732'),(515,'Brianna Garner','briannagarner@outlook.couk','1-583-647-5181'),(516,'Devin Moses','devinmoses7985@hotmail.ca','1-948-647-3411'),(517,'Hedwig Nguyen','hedwignguyen6407@protonmail.couk','1-454-534-5555'),(518,'Jaden Ford','jadenford6430@yahoo.org','1-576-923-1563'),(519,'Harper Mejia','harpermejia@google.couk','1-767-374-6185'),(520,'Ulysses Mcfarland','ulyssesmcfarland@icloud.ca','1-237-234-6744'),(521,'Hunter Wilkinson','hunterwilkinson2318@icloud.couk','1-828-242-1787'),(522,'Zoe Avila','zoeavila8452@yahoo.edu','1-368-567-9674'),(523,'Brock Ingram','brockingram@aol.couk','1-379-631-0824'),(524,'Nicole Sutton','nicolesutton@hotmail.ca','1-444-226-2059'),(525,'Lillian Ellis','lillianellis@outlook.org','1-804-586-0266'),(526,'Warren Cooley','warrencooley@protonmail.net','1-776-311-2623'),(527,'Tiger Thomas','tigerthomas5699@icloud.org','1-176-316-7223'),(528,'Asher Padilla','asherpadilla@hotmail.edu','1-525-776-7350'),(529,'Venus Rodriguez','venusrodriguez@google.net','1-953-587-3381'),(530,'Shoshana Camacho','shoshanacamacho@aol.couk','1-736-187-5647'),(531,'Jakeem Taylor','jakeemtaylor@yahoo.couk','1-709-921-4044'),(532,'Hayfa Roy','hayfaroy4700@protonmail.org','1-563-397-2372'),(533,'Hamilton Cobb','hamiltoncobb@icloud.couk','1-710-230-4057'),(534,'MacKensie Rice','mackensierice7191@icloud.com','1-447-265-8413'),(535,'Roth Dominguez','rothdominguez@aol.edu','1-542-817-4355'),(536,'Garth Woodard','garthwoodard1844@protonmail.com','1-634-736-4383'),(537,'Kenneth Justice','kennethjustice@yahoo.com','1-733-984-8112'),(538,'Katelyn Tyler','katelyntyler@hotmail.org','1-293-699-6579'),(539,'Galvin Sherman','galvinsherman@yahoo.couk','1-591-872-0250'),(540,'Jonah Haley','jonahhaley141@protonmail.couk','1-211-717-4576'),(541,'Gil Edwards','giledwards@hotmail.couk','1-820-295-7566'),(542,'Odysseus Santos','odysseussantos9283@protonmail.org','1-311-778-1414'),(543,'Allegra Weber','allegraweber2829@yahoo.org','1-259-928-9559'),(544,'Harrison Keith','harrisonkeith593@icloud.edu','1-427-526-3674'),(545,'Austin Anthony','austinanthony6649@outlook.ca','1-597-931-6747'),(546,'Bert Gregory','bertgregory@yahoo.couk','1-583-591-6726'),(547,'Josiah Tate','josiahtate@yahoo.edu','1-161-515-7226'),(548,'Jaime Scott','jaimescott@hotmail.net','1-381-849-4212'),(549,'David Mcpherson','davidmcpherson4169@yahoo.ca','1-842-632-1605'),(550,'Noel Sweet','noelsweet4144@icloud.couk','1-381-577-5311'),(551,'Rhona Glover','rhonaglover9682@hotmail.com','1-382-857-7523'),(552,'Fletcher Summers','fletchersummers@google.edu','1-520-266-8115'),(553,'Jacqueline Travis','jacquelinetravis@aol.com','1-175-721-1164'),(554,'Anjolie Wilkerson','anjoliewilkerson4106@google.ca','1-586-374-6345'),(555,'Nerea Blevins','nereablevins@aol.net','1-597-263-0712'),(556,'Mercedes Sherman','mercedessherman3717@protonmail.com','1-441-459-8067'),(557,'Wesley Hammond','wesleyhammond@protonmail.couk','1-574-568-7171'),(558,'Hammett Mullen','hammettmullen9464@google.edu','1-274-764-5737'),(559,'Kyle Rosa','kylerosa4300@icloud.ca','1-842-248-1580'),(560,'Laura Mercer','lauramercer@aol.org','1-682-162-5188'),(561,'Peter Jacobs','peterjacobs5534@aol.org','1-636-244-3189'),(562,'Brynn Greer','brynngreer4602@aol.couk','1-721-203-8494'),(563,'Luke Ford','lukeford120@google.org','1-525-691-3125'),(564,'Odette England','odetteengland3092@google.edu','1-234-817-8128'),(565,'Thor Chavez','thorchavez@aol.edu','1-351-774-8327'),(566,'Gil Castaneda','gilcastaneda2583@hotmail.edu','1-347-733-7284'),(567,'Kylynn Bryant','kylynnbryant@aol.net','1-246-771-4183'),(568,'Griffith Figueroa','griffithfigueroa2663@outlook.couk','1-497-239-4848'),(569,'McKenzie Mccormick','mckenziemccormick5167@yahoo.net','1-345-750-9192'),(570,'Beck Hicks','beckhicks2335@yahoo.edu','1-626-688-7368'),(571,'Wendy Hewitt','wendyhewitt8496@hotmail.ca','1-859-367-6176'),(572,'Ignacia Lowe','ignacialowe@aol.net','1-155-714-2456'),(573,'Veda Mejia','vedamejia@google.edu','1-380-295-7482'),(574,'Keiko Alston','keikoalston607@icloud.org','1-859-331-4349'),(575,'Cailin Vargas','cailinvargas7425@outlook.org','1-752-271-7175'),(576,'Levi Burnett','leviburnett5128@hotmail.edu','1-491-794-7786'),(577,'Edan Griffin','edangriffin4220@icloud.com','1-236-589-1833'),(578,'Chancellor Colon','chancellorcolon7734@icloud.org','1-728-464-4545'),(579,'Alfonso Zimmerman','alfonsozimmerman@hotmail.net','1-584-721-8059'),(580,'Kasimir Gilliam','kasimirgilliam2135@yahoo.org','1-743-386-5429'),(581,'Stone Hart','stonehart5964@hotmail.com','1-955-517-6194'),(582,'Aquila Bruce','aquilabruce@icloud.edu','1-425-752-6730'),(583,'Arthur Bridges','arthurbridges@aol.com','1-681-688-0264'),(584,'Melyssa Hurst','melyssahurst2119@hotmail.ca','1-728-917-1487'),(585,'Adele Mooney','adelemooney@aol.couk','1-103-312-5359'),(586,'Victoria Hicks','victoriahicks@google.net','1-626-935-6701'),(587,'Carla Stokes','carlastokes9713@aol.com','1-397-287-3175'),(588,'Lila Dorsey','liladorsey@yahoo.couk','1-284-183-0712'),(589,'Francis Quinn','francisquinn4471@outlook.org','1-590-475-7523'),(590,'Carol Malone','carolmalone7172@protonmail.org','1-936-769-6891'),(591,'Leo James','leojames3441@outlook.com','1-681-504-5377'),(592,'Jemima Reilly','jemimareilly2293@yahoo.couk','1-262-464-5931'),(593,'Wade Tucker','wadetucker@aol.ca','1-546-481-4145'),(594,'Lois Woods','loiswoods5727@yahoo.edu','1-841-971-6381'),(595,'Basil Vasquez','basilvasquez8077@protonmail.couk','1-763-877-9003'),(596,'Daquan Vaughan','daquanvaughan@protonmail.ca','1-584-482-8022'),(597,'Nyssa Flores','nyssaflores@outlook.ca','1-942-834-4226'),(598,'Elton Ferrell','eltonferrell6591@outlook.ca','1-267-676-3663'),(599,'Connor Vincent','connorvincent@protonmail.edu','1-327-150-8667'),(600,'Ayanna Rios','ayannarios1267@google.net','1-261-882-1375'),(601,'Abigail Irwin','abigailirwin6317@outlook.net','1-221-581-8177'),(602,'Hanna Robbins','hannarobbins3122@aol.couk','1-493-853-8369'),(603,'Cara Perry','caraperry@outlook.org','1-721-734-2371'),(604,'Len Rodriguez','lenrodriguez@hotmail.ca','1-688-649-8588'),(605,'Hilda Pierce','hildapierce5532@aol.ca','1-250-261-2326'),(606,'Keefe Levine','keefelevine@outlook.net','1-312-149-6237'),(607,'Yuli Mann','yulimann@outlook.net','1-490-742-1972'),(608,'Nathaniel Marsh','nathanielmarsh6325@google.net','1-858-761-4821'),(609,'Kellie Walters','kelliewalters@icloud.net','1-718-838-3617'),(610,'Desiree Preston','desireepreston@yahoo.net','1-944-118-9364'),(611,'Hunter Adams','hunteradams@protonmail.com','1-238-692-8451'),(612,'Arden Donovan','ardendonovan@google.net','1-831-980-4018'),(613,'Kasper Downs','kasperdowns9288@outlook.couk','1-576-656-5559'),(614,'Plato Bridges','platobridges3943@hotmail.ca','1-931-527-5863'),(615,'Owen Kidd','owenkidd@outlook.couk','1-258-343-4316'),(616,'Reuben Carter','reubencarter@icloud.edu','1-938-545-3021'),(617,'Rafael Michael','rafaelmichael@yahoo.net','1-267-934-4617'),(618,'Medge Fulton','medgefulton7044@protonmail.com','1-262-818-2826'),(619,'Charde Nichols','chardenichols@yahoo.net','1-930-154-2769'),(620,'Austin Walton','austinwalton8383@google.net','1-323-608-6751'),(621,'Angela Webb','angelawebb@yahoo.com','1-896-462-8987'),(622,'Steel Valentine','steelvalentine@hotmail.edu','1-781-537-2376'),(623,'Vincent Manning','vincentmanning6317@google.org','1-316-882-0737'),(624,'Kylee Fernandez','kyleefernandez@protonmail.couk','1-465-916-8143'),(625,'Jayme Kim','jaymekim@yahoo.couk','1-143-422-5642'),(626,'Cain Stuart','cainstuart@hotmail.ca','1-445-902-6486'),(627,'Lydia Ryan','lydiaryan9465@hotmail.couk','1-734-498-5654'),(628,'Cole Marquez','colemarquez6753@yahoo.ca','1-275-830-0720'),(629,'Tyler Burks','tylerburks1970@outlook.couk','1-644-762-1892'),(630,'Kennan Alvarado','kennanalvarado@yahoo.com','1-975-384-4571'),(631,'Cadman Gibbs','cadmangibbs1583@yahoo.ca','1-391-763-5827'),(632,'Cora Hart','corahart5535@yahoo.net','1-977-246-7348'),(633,'Lester Pickett','lesterpickett2382@icloud.org','1-496-195-8853'),(634,'Chastity Guzman','chastityguzman@icloud.ca','1-831-563-6290'),(635,'Nigel Newman','nigelnewman@icloud.org','1-651-105-8788'),(636,'Xanthus Reynolds','xanthusreynolds8424@icloud.net','1-643-901-8627'),(637,'Kerry Ruiz','kerryruiz@protonmail.edu','1-134-540-8274'),(638,'Dara Rivas','dararivas@google.org','1-532-666-9238'),(639,'Kieran Ramirez','kieranramirez@hotmail.edu','1-776-682-5746'),(640,'Aimee Ramirez','aimeeramirez@icloud.ca','1-823-582-3734'),(641,'Alea Maynard','aleamaynard7684@aol.net','1-355-134-6857'),(642,'Shelby Gomez','shelbygomez@hotmail.edu','1-680-650-2302'),(643,'Cameron Hooper','cameronhooper179@icloud.org','1-341-343-9566'),(644,'Adara Vincent','adaravincent3423@aol.net','1-396-873-8253'),(645,'Cyrus Case','cyruscase@outlook.com','1-152-374-8796'),(646,'Hashim Maynard','hashimmaynard4937@hotmail.net','1-823-271-4839'),(647,'Jana Johnson','janajohnson@google.org','1-537-548-5544'),(648,'Lester Hines','lesterhines2811@hotmail.net','1-708-736-1261'),(649,'Victor Boone','victorboone@google.org','1-338-631-1198'),(650,'Kyle Wells','kylewells@protonmail.com','1-694-652-5695'),(651,'Madaline Donaldson','madalinedonaldson5913@aol.org','1-446-456-6532'),(652,'Maxine Holder','maxineholder@hotmail.net','1-594-876-4330'),(653,'Chastity Baird','chastitybaird9728@aol.ca','1-555-286-3463'),(654,'Victoria Morales','victoriamorales282@aol.com','1-387-456-4674'),(655,'Hop Browning','hopbrowning@yahoo.org','1-315-602-0634'),(656,'Damon Crosby','damoncrosby@yahoo.org','1-262-618-6473'),(657,'Hu Morrison','humorrison7474@aol.com','1-295-596-4266'),(658,'Drake Jarvis','drakejarvis1913@hotmail.com','1-408-730-9347'),(659,'Hamilton Durham','hamiltondurham3943@icloud.net','1-375-863-1423'),(660,'Ainsley Bauer','ainsleybauer362@hotmail.net','1-122-446-3810'),(661,'Myra Patrick','myrapatrick9010@icloud.couk','1-546-559-6056'),(662,'Karyn Spears','karynspears8014@protonmail.ca','1-622-624-1876'),(663,'Jared Wilder','jaredwilder8479@hotmail.edu','1-612-428-1257'),(664,'Nasim Cummings','nasimcummings4334@aol.edu','1-762-353-7499'),(665,'Audra Hudson','audrahudson6205@outlook.net','1-518-591-7433'),(666,'Basil Mccray','basilmccray@yahoo.couk','1-833-391-8742'),(667,'Hollee Walter','holleewalter9733@outlook.couk','1-266-819-5851'),(668,'Alana Casey','alanacasey@yahoo.com','1-115-722-6917'),(669,'Shoshana Graham','shoshanagraham@aol.edu','1-746-122-8365'),(670,'Hilda Hamilton','hildahamilton@yahoo.edu','1-338-452-4466'),(671,'Wilma Peck','wilmapeck@hotmail.couk','1-893-705-5701'),(672,'Leah Atkins','leahatkins6244@protonmail.org','1-144-617-6829'),(673,'Allistair Hawkins','allistairhawkins@hotmail.com','1-616-763-6018'),(674,'Kelly Pearson','kellypearson@protonmail.org','1-354-313-8930'),(675,'Shana Bruce','shanabruce@outlook.net','1-537-279-7014'),(676,'Aphrodite May','aphroditemay@protonmail.ca','1-862-817-8574'),(677,'Paki Aguilar','pakiaguilar4085@yahoo.com','1-737-793-7285'),(678,'Denton Burris','dentonburris@yahoo.net','1-858-216-2727'),(679,'Keane Carroll','keanecarroll@hotmail.org','1-237-492-6638'),(680,'Kyra Sparks','kyrasparks@outlook.ca','1-676-538-5548'),(681,'Miriam Woods','miriamwoods@yahoo.edu','1-251-288-6237'),(682,'Colin Peck','colinpeck@aol.com','1-834-774-3128'),(683,'Keefe Reyes','keefereyes1148@outlook.ca','1-746-310-7575'),(684,'Ainsley Guzman','ainsleyguzman@hotmail.net','1-627-726-8815'),(685,'Martena Prince','martenaprince9166@yahoo.ca','1-825-774-3468'),(686,'Merritt Wolf','merrittwolf@outlook.couk','1-795-380-6815'),(687,'Igor Mathews','igormathews@icloud.edu','1-927-852-6580'),(688,'Jessamine Peters','jessaminepeters9901@hotmail.couk','1-281-439-8284'),(689,'Finn Reese','finnreese@aol.ca','1-212-759-6736'),(690,'Dominic Conley','dominicconley@aol.ca','1-658-486-6468'),(691,'Yoshio Cohen','yoshiocohen928@aol.ca','1-514-162-4312'),(692,'Jesse Cross','jessecross4042@protonmail.net','1-747-303-3987'),(693,'Andrew Spencer','andrewspencer3189@google.edu','1-333-758-9201'),(694,'Jakeem Franks','jakeemfranks@protonmail.couk','1-570-521-0311'),(695,'Kareem Burnett','kareemburnett4680@google.couk','1-646-173-4688'),(696,'Chanda Adkins','chandaadkins@hotmail.net','1-445-333-4275'),(697,'Preston Cabrera','prestoncabrera9984@outlook.couk','1-500-899-8376'),(698,'Norman Mason','normanmason@outlook.couk','1-558-329-1481'),(699,'Raja Williamson','rajawilliamson2728@google.com','1-580-289-7478'),(700,'Rinah Ware','rinahware6770@protonmail.org','1-172-246-5933'),(701,'Castor Monroe','castormonroe2277@outlook.ca','1-142-381-4993'),(702,'Joelle Tanner','joelletanner3747@icloud.net','1-637-473-8468'),(703,'Drew Bright','drewbright9842@icloud.com','1-254-118-4112'),(704,'Gary Watson','garywatson@yahoo.ca','1-703-385-1934'),(705,'Ross Ramsey','rossramsey@hotmail.org','1-757-464-8722'),(706,'Craig Anthony','craiganthony@hotmail.org','1-895-915-2159'),(707,'Patience May','patiencemay2650@google.org','1-341-256-6156'),(708,'Brooke Vargas','brookevargas@yahoo.net','1-178-925-2207'),(709,'Paki Lancaster','pakilancaster@google.ca','1-721-439-3028'),(710,'Caesar Downs','caesardowns9907@hotmail.ca','1-618-341-9467'),(711,'Scarlet Cameron','scarletcameron2780@hotmail.com','1-337-976-7344'),(712,'Germane Williams','germanewilliams7917@hotmail.org','1-984-426-2883'),(713,'Kellie Colon','kelliecolon@icloud.com','1-854-634-4653'),(714,'Azalia Murphy','azaliamurphy1439@hotmail.net','1-812-273-8171'),(715,'Ishmael Cantrell','ishmaelcantrell@hotmail.couk','1-521-162-1582'),(716,'Aidan Cameron','aidancameron6882@aol.org','1-969-391-4673'),(717,'Levi Houston','levihouston@google.org','1-557-532-7205'),(718,'Acton Schmidt','actonschmidt3189@outlook.ca','1-235-376-8640'),(719,'Amal Richmond','amalrichmond@google.edu','1-376-858-1122'),(720,'Orlando Irwin','orlandoirwin5965@hotmail.couk','1-434-561-6218'),(721,'Gwendolyn Sheppard','gwendolynsheppard7442@icloud.org','1-384-748-4157'),(722,'Colorado Meyers','coloradomeyers2528@google.edu','1-869-752-7712'),(723,'Abel Moreno','abelmoreno@protonmail.org','1-761-587-0343'),(724,'Colby Mercado','colbymercado@outlook.net','1-518-838-4882'),(725,'Lesley Wall','lesleywall@yahoo.edu','1-441-894-7614'),(726,'Paul Robles','paulrobles8631@outlook.edu','1-277-953-1892'),(727,'Cameron Glover','cameronglover7191@hotmail.ca','1-788-582-5410'),(728,'Lucas Washington','lucaswashington@icloud.edu','1-839-669-9456'),(729,'Zephr Charles','zephrcharles@aol.couk','1-464-808-3855'),(730,'Elvis Kirby','elviskirby@icloud.com','1-411-542-4477'),(731,'Clark Hunter','clarkhunter@icloud.edu','1-613-461-2580'),(732,'Kelly Key','kellykey5871@icloud.couk','1-140-292-6662'),(733,'Caldwell Christian','caldwellchristian@outlook.org','1-292-289-6612'),(734,'Clementine Goodwin','clementinegoodwin5576@hotmail.com','1-436-388-2238'),(735,'Medge Jenkins','medgejenkins@hotmail.net','1-435-281-5484'),(736,'Damian Lamb','damianlamb@aol.edu','1-824-530-7230'),(737,'Sasha Holmes','sashaholmes6587@yahoo.org','1-398-695-6557'),(738,'Graham Carpenter','grahamcarpenter1148@google.couk','1-805-502-4416'),(739,'Aileen Delaney','aileendelaney@hotmail.couk','1-230-912-8237'),(740,'Carl Hickman','carlhickman@hotmail.org','1-108-831-4151'),(741,'Yuli Schmidt','yulischmidt@hotmail.couk','1-465-257-7525'),(742,'Emi Joseph','emijoseph@google.couk','1-837-615-5631'),(743,'Kaye Morris','kayemorris1675@protonmail.couk','1-727-470-7905'),(744,'Hayfa Rocha','hayfarocha9133@hotmail.couk','1-277-774-3548'),(745,'Lara Reed','larareed3771@icloud.ca','1-579-382-2890'),(746,'Ahmed Tanner','ahmedtanner@google.ca','1-397-690-8496'),(747,'Grady Bennett','gradybennett7754@aol.com','1-441-572-0216'),(748,'Elvis White','elviswhite6865@hotmail.net','1-384-518-6915'),(749,'Reece Slater','reeceslater@outlook.org','1-746-464-4672'),(750,'Eleanor Moon','eleanormoon@outlook.ca','1-202-130-5581'),(751,'Fritz Macdonald','fritzmacdonald@aol.couk','1-613-791-7540'),(752,'Sylvester Beasley','sylvesterbeasley@yahoo.net','1-839-287-3104'),(753,'Veronica Golden','veronicagolden342@google.ca','1-625-592-9613'),(754,'Justina Ward','justinaward6097@yahoo.org','1-465-676-6993'),(755,'Irma Lara','irmalara6478@google.couk','1-463-685-7127'),(756,'Lucius Travis','luciustravis@hotmail.com','1-228-473-9483'),(757,'Scott Robertson','scottrobertson4066@outlook.org','1-785-256-9022'),(758,'Kaseem Fulton','kaseemfulton3072@google.couk','1-568-721-7007'),(759,'Beverly Farmer','beverlyfarmer4148@aol.org','1-397-583-0188'),(760,'Maya Golden','mayagolden@hotmail.couk','1-907-841-9030'),(761,'Beatrice Hopper','beatricehopper5100@hotmail.net','1-415-311-7286'),(762,'Laura Kline','laurakline3783@aol.com','1-553-272-4637'),(763,'Octavius Ellison','octaviusellison2959@icloud.couk','1-874-851-7969'),(764,'Isabella Dickerson','isabelladickerson6515@hotmail.ca','1-621-121-3391'),(765,'Tate Henderson','tatehenderson5347@yahoo.edu','1-942-732-3663'),(766,'Erin Pace','erinpace7726@hotmail.couk','1-524-740-3121'),(767,'Kristen Golden','kristengolden256@aol.com','1-189-434-0647'),(768,'Amelia Gamble','ameliagamble614@google.org','1-443-430-8401'),(769,'Lois Boyer','loisboyer@icloud.edu','1-565-666-8923'),(770,'Darius Perez','dariusperez2898@icloud.net','1-582-633-3875'),(771,'Alice Oliver','aliceoliver@outlook.com','1-741-563-3861'),(772,'Clayton Shelton','claytonshelton@protonmail.couk','1-714-766-8963'),(773,'Leilani Townsend','leilanitownsend1056@icloud.com','1-117-743-4556'),(774,'Madeline Baxter','madelinebaxter@icloud.org','1-517-294-6382'),(775,'Simone Ware','simoneware255@protonmail.com','1-326-225-5762'),(776,'Lesley Hawkins','lesleyhawkins7129@outlook.net','1-644-421-4175'),(777,'Maris Keith','mariskeith@hotmail.net','1-706-642-1120'),(778,'Scarlett Mathews','scarlettmathews7067@icloud.org','1-372-761-8729'),(779,'Lois Guerrero','loisguerrero@outlook.com','1-576-641-5236'),(780,'Macon Blake','maconblake2479@aol.edu','1-995-146-4048'),(781,'Clayton Oliver','claytonoliver7805@hotmail.edu','1-276-816-1238'),(782,'Kieran Christian','kieranchristian@icloud.edu','1-873-337-7121'),(783,'Alexis Andrews','alexisandrews@yahoo.ca','1-718-754-3327'),(784,'Scarlett Mathews','scarlettmathews933@yahoo.com','1-476-984-7064'),(785,'Kadeem Aguilar','kadeemaguilar2463@hotmail.com','1-988-428-2166'),(786,'Colette Heath','coletteheath@google.org','1-377-348-3427'),(787,'Knox Collier','knoxcollier@outlook.org','1-784-818-7898'),(788,'Madonna Rich','madonnarich591@icloud.ca','1-632-457-2502'),(789,'Aphrodite Kent','aphroditekent965@hotmail.com','1-278-742-1269'),(790,'Liberty Owen','libertyowen6153@google.com','1-347-786-2044'),(791,'Ariana Fernandez','arianafernandez2164@yahoo.edu','1-792-627-6205'),(792,'Rae Holden','raeholden3693@google.net','1-427-412-1154'),(793,'Wylie Wynn','wyliewynn3431@protonmail.net','1-750-328-3942'),(794,'Ethan Bullock','ethanbullock@google.com','1-688-742-9882'),(795,'Magee Evans','mageeevans590@aol.edu','1-926-520-8385'),(796,'Fredericka Tucker','frederickatucker@protonmail.edu','1-346-551-1006'),(797,'Bree Cox','breecox@google.couk','1-435-369-8358'),(798,'Desirae Richard','desiraerichard3017@protonmail.couk','1-287-214-3814'),(799,'Nomlanga Kim','nomlangakim@google.ca','1-518-247-6267'),(800,'Dane Raymond','daneraymond9528@yahoo.edu','1-416-366-5490'),(801,'Kessie Banks','kessiebanks1506@yahoo.ca','1-823-387-2237'),(802,'Ocean Davidson','oceandavidson1937@yahoo.org','1-386-370-8941'),(803,'Dacey Durham','daceydurham@protonmail.ca','1-826-138-3536'),(804,'Porter Bishop','porterbishop@protonmail.ca','1-885-455-5842'),(805,'Shaeleigh Puckett','shaeleighpuckett8937@outlook.net','1-365-276-1853'),(806,'Maia Mcdaniel','maiamcdaniel@protonmail.org','1-880-482-7165'),(807,'Mallory Roach','malloryroach394@yahoo.com','1-587-246-5676'),(808,'Denton Waters','dentonwaters5986@icloud.com','1-926-910-4443'),(809,'David Parker','davidparker747@hotmail.ca','1-273-347-7473'),(810,'Slade Chen','sladechen@aol.net','1-538-324-2741'),(811,'Ulla Fuentes','ullafuentes8651@outlook.org','1-425-453-3241'),(812,'Talon Erickson','talonerickson2683@yahoo.ca','1-776-377-8683'),(813,'Jonas Dillard','jonasdillard@hotmail.couk','1-261-617-2733'),(814,'Nash Delaney','nashdelaney1563@yahoo.net','1-655-887-2779'),(815,'Nasim Bailey','nasimbailey4392@icloud.net','1-572-778-8574'),(816,'Lillian Suarez','lilliansuarez@protonmail.couk','1-208-934-5774'),(817,'Alvin Townsend','alvintownsend172@icloud.net','1-893-418-7415'),(818,'Shay Blair','shayblair@yahoo.edu','1-472-391-6177'),(819,'Hedda Wilkinson','heddawilkinson@aol.net','1-561-780-3486'),(820,'Mona Stafford','monastafford2735@hotmail.net','1-312-551-1954'),(821,'Leonard Shaffer','leonardshaffer2232@outlook.org','1-667-281-8167'),(822,'Kenyon Roberson','kenyonroberson252@yahoo.org','1-583-302-6751'),(823,'Damian Mcclure','damianmcclure2501@yahoo.couk','1-710-932-8164'),(824,'Marvin Gutierrez','marvingutierrez@google.edu','1-657-848-4853'),(825,'Kelly Robbins','kellyrobbins4830@aol.ca','1-756-333-6755'),(826,'Clinton Tillman','clintontillman@protonmail.ca','1-372-398-3514'),(827,'Abigail Stevenson','abigailstevenson@outlook.couk','1-369-775-1436'),(828,'Mallory Wiley','mallorywiley9451@google.org','1-506-389-5404'),(829,'Wylie Faulkner','wyliefaulkner3254@icloud.com','1-986-205-6966'),(830,'Emma Mcmahon','emmamcmahon@yahoo.ca','1-888-786-0849'),(831,'Victor Peterson','victorpeterson7258@protonmail.org','1-633-856-0892'),(832,'Bertha Blankenship','berthablankenship@outlook.edu','1-737-589-7372'),(833,'Hiram Key','hiramkey4658@hotmail.couk','1-237-101-7935'),(834,'Libby Faulkner','libbyfaulkner@google.ca','1-348-285-3123'),(835,'Wallace Macdonald','wallacemacdonald@yahoo.couk','1-866-363-3346'),(836,'Ronan Beasley','ronanbeasley@hotmail.couk','1-691-572-7156'),(837,'Wyatt Craig','wyattcraig@icloud.net','1-984-801-3406'),(838,'Caleb Gentry','calebgentry5672@protonmail.couk','1-427-866-5373'),(839,'Amir Pugh','amirpugh@hotmail.edu','1-235-318-2027'),(840,'Maxine Oneal','maxineoneal@aol.couk','1-643-553-1314'),(841,'Cadman Jefferson','cadmanjefferson477@hotmail.edu','1-152-294-8866'),(842,'Eugenia Sharp','eugeniasharp@aol.com','1-842-727-7878'),(843,'Kasimir Scott','kasimirscott2518@yahoo.com','1-566-481-4247'),(844,'Rhoda Brown','rhodabrown@hotmail.ca','1-637-515-3638'),(845,'Porter Holt','porterholt@google.org','1-505-525-7011'),(846,'Connor Hopper','connorhopper@aol.com','1-142-518-2602'),(847,'Lunea Clements','luneaclements@hotmail.couk','1-788-125-3421'),(848,'Dai Everett','daieverett9309@yahoo.couk','1-346-777-1811'),(849,'Nevada Eaton','nevadaeaton@hotmail.ca','1-464-672-4317'),(850,'Zia Hunter','ziahunter2141@hotmail.net','1-268-796-5849'),(851,'Stone Koch','stonekoch3055@hotmail.couk','1-765-836-4635'),(852,'Tatyana Strickland','tatyanastrickland2681@google.edu','1-175-369-7618'),(853,'Yardley Kramer','yardleykramer9819@aol.org','1-113-625-3648'),(854,'Pascale Burke','pascaleburke6617@protonmail.couk','1-883-245-4028'),(855,'Rhonda Alexander','rhondaalexander@outlook.com','1-857-882-1931'),(856,'Solomon Sanchez','solomonsanchez@google.edu','1-311-328-7835'),(857,'Driscoll Wall','driscollwall7981@google.org','1-176-987-4679'),(858,'Jerome Olsen','jeromeolsen171@aol.ca','1-211-749-8424'),(859,'Kim O\'Neill','kimoneill@aol.couk','1-227-688-5388'),(860,'Delilah Saunders','delilahsaunders@aol.couk','1-640-245-9972'),(861,'Dora Christensen','dorachristensen@protonmail.com','1-266-211-1793'),(862,'Brody Myers','brodymyers@yahoo.edu','1-311-622-3495'),(863,'Rajah Dudley','rajahdudley2886@protonmail.net','1-539-453-8858'),(864,'Althea Finley','altheafinley@protonmail.edu','1-884-831-8382'),(865,'Elvis Dalton','elvisdalton6083@aol.org','1-451-785-6090'),(866,'Finn Hutchinson','finnhutchinson3747@yahoo.com','1-413-421-4423'),(867,'Graham Swanson','grahamswanson5502@protonmail.couk','1-282-847-7221'),(868,'Maxwell Schneider','maxwellschneider@google.com','1-558-355-7477'),(869,'Charity Jones','charityjones6501@yahoo.net','1-512-833-7271'),(870,'Lael Dickerson','laeldickerson5414@google.net','1-608-556-8144'),(871,'Norman Chandler','normanchandler@yahoo.couk','1-233-535-6857'),(872,'Madeson Fernandez','madesonfernandez8211@hotmail.net','1-632-351-5178'),(873,'Blythe Schneider','blytheschneider@google.ca','1-444-531-3228'),(874,'Brennan Sanders','brennansanders2966@google.couk','1-159-588-6830'),(875,'Garrison Gibson','garrisongibson@icloud.couk','1-572-168-8080'),(876,'Barclay Riddle','barclayriddle2215@yahoo.couk','1-353-268-3813'),(877,'Lana Bray','lanabray@protonmail.net','1-864-611-1497'),(878,'Shelley Livingston','shelleylivingston6247@protonmail.com','1-837-916-2514'),(879,'Brenden Chapman','brendenchapman8523@aol.ca','1-144-430-8626'),(880,'Aladdin Wong','aladdinwong4799@protonmail.edu','1-577-471-2360'),(881,'Medge Rose','medgerose@yahoo.net','1-334-133-3477'),(882,'Garrett Hendrix','garretthendrix@protonmail.org','1-911-646-2286'),(883,'Chaim Pacheco','chaimpacheco4906@icloud.ca','1-396-155-4216'),(884,'Amery Blackburn','ameryblackburn9506@icloud.net','1-622-487-5412'),(885,'Madeline Stevens','madelinestevens9475@hotmail.couk','1-206-718-5877'),(886,'Bradley Meadows','bradleymeadows3955@protonmail.com','1-585-319-3147'),(887,'Noelle Estrada','noelleestrada4509@protonmail.org','1-454-256-3283'),(888,'Wylie Mosley','wyliemosley@icloud.org','1-827-889-3255'),(889,'Ila Compton','ilacompton@outlook.edu','1-731-876-6185'),(890,'Edan Alford','edanalford@outlook.net','1-867-479-7143'),(891,'Janna Horne','jannahorne6414@aol.couk','1-522-368-2341'),(892,'Clinton Galloway','clintongalloway9267@hotmail.net','1-294-323-5544'),(893,'Gretchen Patterson','gretchenpatterson981@yahoo.edu','1-306-976-9954'),(894,'Eric Sheppard','ericsheppard7173@protonmail.com','1-644-872-5456'),(895,'Derek Tate','derektate5427@protonmail.couk','1-836-166-3547'),(896,'Damian Knight','damianknight968@yahoo.couk','1-611-654-1446'),(897,'Hashim Sanders','hashimsanders1209@icloud.ca','1-216-748-5886'),(898,'Dieter Moreno','dietermoreno@protonmail.net','1-386-457-1440'),(899,'Kevyn Delgado','kevyndelgado@yahoo.net','1-270-377-0021'),(900,'Germane Mcmahon','germanemcmahon8915@outlook.net','1-515-542-6366'),(901,'Nomlanga Burton','nomlangaburton@yahoo.com','1-662-920-6519'),(902,'Chester Cantrell','chestercantrell@aol.com','1-383-461-8584'),(903,'Orlando Townsend','orlandotownsend@google.org','1-439-713-9710'),(904,'Addison Stanley','addisonstanley7157@aol.couk','1-716-402-3505'),(905,'Alice Rosales','alicerosales1984@protonmail.com','1-242-972-7511'),(906,'Baker Watkins','bakerwatkins@aol.edu','1-353-603-6481'),(907,'Tatiana Houston','tatianahouston1628@hotmail.net','1-773-433-6315'),(908,'Emery Mcmillan','emerymcmillan3475@outlook.edu','1-273-571-2874'),(909,'Breanna Robbins','breannarobbins@protonmail.net','1-405-414-7726'),(910,'Haviva Mcconnell','havivamcconnell@aol.couk','1-487-922-7547'),(911,'Fulton Haynes','fultonhaynes5803@yahoo.ca','1-392-975-4733'),(912,'Vivien O\'donnell','vivienodonnell3000@google.com','1-441-752-6154'),(913,'Kennedy Giles','kennedygiles1250@aol.edu','1-621-683-8877'),(914,'Xavier Mosley','xaviermosley4956@google.couk','1-374-547-1178'),(915,'Xantha Merritt','xanthamerritt663@hotmail.net','1-198-920-6123'),(916,'Nicholas Craig','nicholascraig@protonmail.org','1-582-671-2274'),(917,'Rhea Bruce','rheabruce@icloud.ca','1-556-174-7620'),(918,'Rajah Walter','rajahwalter8789@hotmail.com','1-730-766-1819'),(919,'Mercedes Anderson','mercedesanderson2196@icloud.org','1-212-844-5756'),(920,'Dillon Bird','dillonbird@icloud.ca','1-882-322-7110'),(921,'Simone Benjamin','simonebenjamin3918@hotmail.ca','1-632-961-5829'),(922,'Ria Norris','rianorris@hotmail.couk','1-233-662-3589'),(923,'Porter Delgado','porterdelgado@protonmail.couk','1-638-771-5223'),(924,'Adria Pratt','adriapratt2576@hotmail.org','1-541-617-8076'),(925,'Jasper Quinn','jasperquinn35@outlook.org','1-888-574-1328'),(926,'Sara Murray','saramurray@hotmail.edu','1-323-424-2345'),(927,'Teegan Simpson','teegansimpson@yahoo.edu','1-572-522-9791'),(928,'Oscar Butler','oscarbutler@aol.com','1-936-589-3428'),(929,'Nehru Love','nehrulove59@google.edu','1-717-261-7315'),(930,'Kiara Meadows','kiarameadows@yahoo.com','1-761-579-1847'),(931,'Cooper Wise','cooperwise@outlook.com','1-586-620-3491'),(932,'Maxwell Monroe','maxwellmonroe6984@aol.couk','1-738-341-5181'),(933,'Deanna Torres','deannatorres@hotmail.org','1-800-565-7427'),(934,'Kerry Pittman','kerrypittman@protonmail.net','1-237-616-8505'),(935,'Cleo Neal','cleoneal3647@hotmail.net','1-186-464-0495'),(936,'Barry Oneal','barryoneal@protonmail.edu','1-331-645-3662'),(937,'Hayes Alston','hayesalston@hotmail.ca','1-375-127-9264'),(938,'Gareth Bass','garethbass6125@google.ca','1-731-518-0415'),(939,'Chantale Skinner','chantaleskinner30@protonmail.com','1-744-918-2246'),(940,'Zenaida Kidd','zenaidakidd6162@google.edu','1-232-267-8538'),(941,'Perry Jensen','perryjensen@aol.net','1-738-833-9144'),(942,'Megan Brady','meganbrady3547@outlook.edu','1-728-371-1868'),(943,'Amity Pittman','amitypittman@hotmail.couk','1-255-251-1744'),(944,'Keefe Martinez','keefemartinez384@hotmail.ca','1-813-465-7258'),(945,'Jacqueline Byers','jacquelinebyers@hotmail.com','1-704-906-7260'),(946,'Harding Peterson','hardingpeterson4827@icloud.ca','1-273-628-6147'),(947,'Pearl Mcclure','pearlmcclure2474@google.couk','1-717-866-6780'),(948,'Faith Contreras','faithcontreras4826@google.net','1-373-841-6417'),(949,'Shaeleigh Church','shaeleighchurch@protonmail.couk','1-686-264-4811'),(950,'Mechelle Franks','mechellefranks@protonmail.org','1-705-813-7523'),(951,'Garth Stokes','garthstokes@protonmail.edu','1-862-362-9663'),(952,'Mannix Ayers','mannixayers5496@icloud.couk','1-986-443-9814'),(953,'Ruth Bowen','ruthbowen@icloud.net','1-576-297-3873'),(954,'Hollee Love','holleelove1142@icloud.ca','1-902-213-3918'),(955,'Keely Cardenas','keelycardenas8550@aol.ca','1-700-278-9879'),(956,'Linus Key','linuskey@protonmail.net','1-774-511-6291'),(957,'Signe Arnold','signearnold@hotmail.net','1-671-269-8805'),(958,'Branden Whitaker','brandenwhitaker1086@aol.com','1-688-396-5666'),(959,'Timothy Dickerson','timothydickerson8445@aol.ca','1-434-788-2139'),(960,'Hedwig Mcmahon','hedwigmcmahon4550@icloud.ca','1-431-737-9846'),(961,'Sigourney Hicks','sigourneyhicks@yahoo.ca','1-474-257-2506'),(962,'Carla Harding','carlaharding@hotmail.org','1-101-351-0738'),(963,'Price Watts','pricewatts@hotmail.edu','1-134-484-0482'),(964,'Lucian Gibson','luciangibson@google.com','1-760-674-0872'),(965,'Solomon Rodriguez','solomonrodriguez551@aol.edu','1-430-875-5415'),(966,'Talon Mays','talonmays@outlook.couk','1-953-156-5383'),(967,'Uta Foley','utafoley2781@aol.net','1-876-223-8825'),(968,'Willow Norton','willownorton1319@google.couk','1-937-487-7978'),(969,'Jemima Payne','jemimapayne5464@protonmail.edu','1-504-960-1620'),(970,'Quentin Cameron','quentincameron@outlook.couk','1-248-791-2847'),(971,'Hall Castaneda','hallcastaneda@icloud.edu','1-622-858-8186'),(972,'Wallace Mendoza','wallacemendoza8539@hotmail.org','1-303-228-0293'),(973,'Branden Chandler','brandenchandler@protonmail.org','1-575-143-4689'),(974,'Risa Knapp','risaknapp@protonmail.com','1-500-337-9094'),(975,'Brenden Fowler','brendenfowler@aol.com','1-462-351-0974'),(976,'Carol Goodman','carolgoodman1598@google.couk','1-358-422-7335'),(977,'Danielle Chavez','daniellechavez3385@outlook.com','1-164-862-0783'),(978,'Jordan Callahan','jordancallahan6597@aol.net','1-116-449-9682'),(979,'Valentine Nicholson','valentinenicholson@outlook.net','1-592-832-5782'),(980,'Merritt Raymond','merrittraymond3920@protonmail.com','1-646-818-0962'),(981,'Knox Mccall','knoxmccall@aol.org','1-674-426-1891'),(982,'Gay Stein','gaystein2566@google.com','1-813-575-9660'),(983,'Steven Hopkins','stevenhopkins9540@aol.org','1-289-683-6339'),(984,'Brendan Howell','brendanhowell@yahoo.couk','1-747-343-6727'),(985,'Nasim Rodgers','nasimrodgers729@yahoo.net','1-914-284-3013'),(986,'Uriah Hawkins','uriahhawkins@yahoo.net','1-796-872-7255'),(987,'Flavia Bridges','flaviabridges@protonmail.couk','1-754-420-2752'),(988,'Davis Rogers','davisrogers@aol.org','1-510-238-6424'),(989,'Armando Richmond','armandorichmond@icloud.org','1-661-267-7565'),(990,'Lev Snider','levsnider11@outlook.org','1-662-618-4225'),(991,'Alec Langley','aleclangley77@yahoo.org','1-289-854-8497'),(992,'Amos Abbott','amosabbott5063@icloud.couk','1-184-429-4209'),(993,'August Howell','augusthowell5488@hotmail.org','1-716-610-6766'),(994,'Barry Hicks','barryhicks@yahoo.com','1-774-742-8884'),(995,'Amaya Faulkner','amayafaulkner@protonmail.org','1-961-907-9631'),(996,'Maggie Dillard','maggiedillard@outlook.com','1-830-248-3539'),(997,'Shana Austin','shanaaustin9960@hotmail.edu','1-268-543-5814'),(998,'Kamal Juarez','kamaljuarez5833@protonmail.net','1-557-331-7763'),(999,'Sarah Pate','sarahpate@hotmail.com','1-522-312-6893'),(1000,'Hillary Dominguez','hillarydominguez@outlook.com','1-752-217-9163');
/*!40000 ALTER TABLE `USUARIOS` ENABLE KEYS */;
UNLOCK TABLES;

--
-- Temporary view structure for view `VISTA_LIBROS_MAS_COMPRADOS`
--

DROP TABLE IF EXISTS `VISTA_LIBROS_MAS_COMPRADOS`;
/*!50001 DROP VIEW IF EXISTS `VISTA_LIBROS_MAS_COMPRADOS`*/;
SET @saved_cs_client     = @@character_set_client;
/*!50503 SET character_set_client = utf8mb4 */;
/*!50001 CREATE VIEW `VISTA_LIBROS_MAS_COMPRADOS` AS SELECT 
 1 AS `TITULO`,
 1 AS `NUMERO_COMPRAS`,
 1 AS `PRECIO_PROMEDIO`*/;
SET character_set_client = @saved_cs_client;

--
-- Temporary view structure for view `VISTA_USUARIOS_MULTIPLES_PRESTAMOS`
--

DROP TABLE IF EXISTS `VISTA_USUARIOS_MULTIPLES_PRESTAMOS`;
/*!50001 DROP VIEW IF EXISTS `VISTA_USUARIOS_MULTIPLES_PRESTAMOS`*/;
SET @saved_cs_client     = @@character_set_client;
/*!50503 SET character_set_client = utf8mb4 */;
/*!50001 CREATE VIEW `VISTA_USUARIOS_MULTIPLES_PRESTAMOS` AS SELECT 
 1 AS `ID_USUARIO`,
 1 AS `NOMBRE`,
 1 AS `NUMERO_PRESTAMOS`*/;
SET character_set_client = @saved_cs_client;

--
-- Temporary view structure for view `VISTA_USUARIOS_PRESTAMOS_PENDIENTES`
--

DROP TABLE IF EXISTS `VISTA_USUARIOS_PRESTAMOS_PENDIENTES`;
/*!50001 DROP VIEW IF EXISTS `VISTA_USUARIOS_PRESTAMOS_PENDIENTES`*/;
SET @saved_cs_client     = @@character_set_client;
/*!50503 SET character_set_client = utf8mb4 */;
/*!50001 CREATE VIEW `VISTA_USUARIOS_PRESTAMOS_PENDIENTES` AS SELECT 
 1 AS `ID_USUARIO`,
 1 AS `NOMBRE`,
 1 AS `NUMERO_PRESTAMOS`*/;
SET character_set_client = @saved_cs_client;

--
-- Final view structure for view `VISTA_LIBROS_MAS_COMPRADOS`
--

/*!50001 DROP VIEW IF EXISTS `VISTA_LIBROS_MAS_COMPRADOS`*/;
/*!50001 SET @saved_cs_client          = @@character_set_client */;
/*!50001 SET @saved_cs_results         = @@character_set_results */;
/*!50001 SET @saved_col_connection     = @@collation_connection */;
/*!50001 SET character_set_client      = latin1 */;
/*!50001 SET character_set_results     = latin1 */;
/*!50001 SET collation_connection      = latin1_swedish_ci */;
/*!50001 CREATE ALGORITHM=UNDEFINED */
/*!50013 DEFINER=`root`@`localhost` SQL SECURITY DEFINER */
/*!50001 VIEW `VISTA_LIBROS_MAS_COMPRADOS` AS select `L`.`TITULO` AS `TITULO`,count(`C`.`ID_COMPRA`) AS `NUMERO_COMPRAS`,avg(`C`.`PRECIO`) AS `PRECIO_PROMEDIO` from (`LIBROS` `L` join `COMPRAS` `C` on((`L`.`ID_LIBRO` = `C`.`ID_LIBRO`))) group by `L`.`TITULO` order by `NUMERO_COMPRAS` desc */;
/*!50001 SET character_set_client      = @saved_cs_client */;
/*!50001 SET character_set_results     = @saved_cs_results */;
/*!50001 SET collation_connection      = @saved_col_connection */;

--
-- Final view structure for view `VISTA_USUARIOS_MULTIPLES_PRESTAMOS`
--

/*!50001 DROP VIEW IF EXISTS `VISTA_USUARIOS_MULTIPLES_PRESTAMOS`*/;
/*!50001 SET @saved_cs_client          = @@character_set_client */;
/*!50001 SET @saved_cs_results         = @@character_set_results */;
/*!50001 SET @saved_col_connection     = @@collation_connection */;
/*!50001 SET character_set_client      = latin1 */;
/*!50001 SET character_set_results     = latin1 */;
/*!50001 SET collation_connection      = latin1_swedish_ci */;
/*!50001 CREATE ALGORITHM=UNDEFINED */
/*!50013 DEFINER=`root`@`localhost` SQL SECURITY DEFINER */
/*!50001 VIEW `VISTA_USUARIOS_MULTIPLES_PRESTAMOS` AS select `U`.`ID_USUARIO` AS `ID_USUARIO`,`U`.`NOMBRE` AS `NOMBRE`,count(`P`.`ID_PRESTAMO`) AS `NUMERO_PRESTAMOS` from (`USUARIOS` `U` join `PRESTAMOS` `P` on((`U`.`ID_USUARIO` = `P`.`ID_USUARIO`))) where (`P`.`FECHA_DEVUELTO` is null) group by `U`.`ID_USUARIO`,`U`.`NOMBRE` having (count(`P`.`ID_PRESTAMO`) > 0) */;
/*!50001 SET character_set_client      = @saved_cs_client */;
/*!50001 SET character_set_results     = @saved_cs_results */;
/*!50001 SET collation_connection      = @saved_col_connection */;

--
-- Final view structure for view `VISTA_USUARIOS_PRESTAMOS_PENDIENTES`
--

/*!50001 DROP VIEW IF EXISTS `VISTA_USUARIOS_PRESTAMOS_PENDIENTES`*/;
/*!50001 SET @saved_cs_client          = @@character_set_client */;
/*!50001 SET @saved_cs_results         = @@character_set_results */;
/*!50001 SET @saved_col_connection     = @@collation_connection */;
/*!50001 SET character_set_client      = latin1 */;
/*!50001 SET character_set_results     = latin1 */;
/*!50001 SET collation_connection      = latin1_swedish_ci */;
/*!50001 CREATE ALGORITHM=UNDEFINED */
/*!50013 DEFINER=`root`@`localhost` SQL SECURITY DEFINER */
/*!50001 VIEW `VISTA_USUARIOS_PRESTAMOS_PENDIENTES` AS select `U`.`ID_USUARIO` AS `ID_USUARIO`,`U`.`NOMBRE` AS `NOMBRE`,count(`P`.`ID_PRESTAMO`) AS `NUMERO_PRESTAMOS` from (`USUARIOS` `U` join `PRESTAMOS` `P` on((`U`.`ID_USUARIO` = `P`.`ID_USUARIO`))) where (`P`.`FECHA_DEVUELTO` is null) group by `U`.`ID_USUARIO`,`U`.`NOMBRE` having (count(`P`.`ID_PRESTAMO`) > 0) */;
/*!50001 SET character_set_client      = @saved_cs_client */;
/*!50001 SET character_set_results     = @saved_cs_results */;
/*!50001 SET collation_connection      = @saved_col_connection */;
/*!40103 SET TIME_ZONE=@OLD_TIME_ZONE */;

/*!40101 SET SQL_MODE=@OLD_SQL_MODE */;
/*!40014 SET FOREIGN_KEY_CHECKS=@OLD_FOREIGN_KEY_CHECKS */;
/*!40014 SET UNIQUE_CHECKS=@OLD_UNIQUE_CHECKS */;
/*!40101 SET CHARACTER_SET_CLIENT=@OLD_CHARACTER_SET_CLIENT */;
/*!40101 SET CHARACTER_SET_RESULTS=@OLD_CHARACTER_SET_RESULTS */;
/*!40101 SET COLLATION_CONNECTION=@OLD_COLLATION_CONNECTION */;
/*!40111 SET SQL_NOTES=@OLD_SQL_NOTES */;

-- Dump completed on 2024-05-25 18:46:32
